Time,LIVING_UNIT1_FRONTROW_BOTTOMFLOOR:MONTREAL-TRUDEAU.INTL.AP ANN HUM_N 99.6% CONDNS DP=>MCDB:Des Heat Load [W],LIVING_UNIT1_FRONTROW_BOTTOMFLOOR::Des Sens Cool Load [W],LIVING_UNIT1_FRONTROW_BOTTOMFLOOR:MONTREAL-TRUDEAU.INTL.AP ANN HUM_N 99.6% CONDNS DP=>MCDB:Des Heat Mass Flow [kg/s],LIVING_UNIT1_FRONTROW_BOTTOMFLOOR::Des Cool Mass Flow [kg/s],LIVING_UNIT2_FRONTROW_BOTTOMFLOOR:MONTREAL-TRUDEAU.INTL.AP ANN HUM_N 99.6% CONDNS DP=>MCDB:Des Heat Load [W],LIVING_UNIT2_FRONTROW_BOTTOMFLOOR::Des Sens Cool Load [W],LIVING_UNIT2_FRONTROW_BOTTOMFLOOR:MONTREAL-TRUDEAU.INTL.AP ANN HUM_N 99.6% CONDNS DP=>MCDB:Des Heat Mass Flow [kg/s],LIVING_UNIT2_FRONTROW_BOTTOMFLOOR::Des Cool Mass Flow [kg/s],LIVING_UNIT3_FRONTROW_BOTTOMFLOOR:MONTREAL-TRUDEAU.INTL.AP ANN HUM_N 99.6% CONDNS DP=>MCDB:Des Heat Load [W],LIVING_UNIT3_FRONTROW_BOTTOMFLOOR::Des Sens Cool Load [W],LIVING_UNIT3_FRONTROW_BOTTOMFLOOR:MONTREAL-TRUDEAU.INTL.AP ANN HUM_N 99.6% CONDNS DP=>MCDB:Des Heat Mass Flow [kg/s],LIVING_UNIT3_FRONTROW_BOTTOMFLOOR::Des Cool Mass Flow [kg/s],LIVING_UNIT1_BACKROW_BOTTOMFLOOR:MONTREAL-TRUDEAU.INTL.AP ANN HUM_N 99.6% CONDNS DP=>MCDB:Des Heat Load [W],LIVING_UNIT1_BACKROW_BOTTOMFLOOR::Des Sens Cool Load [W],LIVING_UNIT1_BACKROW_BOTTOMFLOOR:MONTREAL-TRUDEAU.INTL.AP ANN HUM_N 99.6% CONDNS DP=>MCDB:Des Heat Mass Flow [kg/s],LIVING_UNIT1_BACKROW_BOTTOMFLOOR::Des Cool Mass Flow [kg/s],LIVING_UNIT2_BACKROW_BOTTOMFLOOR:MONTREAL-TRUDEAU.INTL.AP ANN HUM_N 99.6% CONDNS DP=>MCDB:Des Heat Load [W],LIVING_UNIT2_BACKROW_BOTTOMFLOOR::Des Sens Cool Load [W],LIVING_UNIT2_BACKROW_BOTTOMFLOOR:MONTREAL-TRUDEAU.INTL.AP ANN HUM_N 99.6% CONDNS DP=>MCDB:Des Heat Mass Flow [kg/s],LIVING_UNIT2_BACKROW_BOTTOMFLOOR::Des Cool Mass Flow [kg/s],LIVING_UNIT3_BACKROW_BOTTOMFLOOR:MONTREAL-TRUDEAU.INTL.AP ANN HUM_N 99.6% CONDNS DP=>MCDB:Des Heat Load [W],LIVING_UNIT3_BACKROW_BOTTOMFLOOR::Des Sens Cool Load [W],LIVING_UNIT3_BACKROW_BOTTOMFLOOR:MONTREAL-TRUDEAU.INTL.AP ANN HUM_N 99.6% CONDNS DP=>MCDB:Des Heat Mass Flow [kg/s],LIVING_UNIT3_BACKROW_BOTTOMFLOOR::Des Cool Mass Flow [kg/s],LIVING_UNIT1_FRONTROW_MIDDLEFLOOR:MONTREAL-TRUDEAU.INTL.AP ANN HUM_N 99.6% CONDNS DP=>MCDB:Des Heat Load [W],LIVING_UNIT1_FRONTROW_MIDDLEFLOOR::Des Sens Cool Load [W],LIVING_UNIT1_FRONTROW_MIDDLEFLOOR:MONTREAL-TRUDEAU.INTL.AP ANN HUM_N 99.6% CONDNS DP=>MCDB:Des Heat Mass Flow [kg/s],LIVING_UNIT1_FRONTROW_MIDDLEFLOOR::Des Cool Mass Flow [kg/s],LIVING_UNIT2_FRONTROW_MIDDLEFLOOR:MONTREAL-TRUDEAU.INTL.AP ANN HUM_N 99.6% CONDNS DP=>MCDB:Des Heat Load [W],LIVING_UNIT2_FRONTROW_MIDDLEFLOOR::Des Sens Cool Load [W],LIVING_UNIT2_FRONTROW_MIDDLEFLOOR:MONTREAL-TRUDEAU.INTL.AP ANN HUM_N 99.6% CONDNS DP=>MCDB:Des Heat Mass Flow [kg/s],LIVING_UNIT2_FRONTROW_MIDDLEFLOOR::Des Cool Mass Flow [kg/s],LIVING_UNIT3_FRONTROW_MIDDLEFLOOR:MONTREAL-TRUDEAU.INTL.AP ANN HUM_N 99.6% CONDNS DP=>MCDB:Des Heat Load [W],LIVING_UNIT3_FRONTROW_MIDDLEFLOOR::Des Sens Cool Load [W],LIVING_UNIT3_FRONTROW_MIDDLEFLOOR:MONTREAL-TRUDEAU.INTL.AP ANN HUM_N 99.6% CONDNS DP=>MCDB:Des Heat Mass Flow [kg/s],LIVING_UNIT3_FRONTROW_MIDDLEFLOOR::Des Cool Mass Flow [kg/s],LIVING_UNIT1_BACKROW_MIDDLEFLOOR:MONTREAL-TRUDEAU.INTL.AP ANN HUM_N 99.6% CONDNS DP=>MCDB:Des Heat Load [W],LIVING_UNIT1_BACKROW_MIDDLEFLOOR::Des Sens Cool Load [W],LIVING_UNIT1_BACKROW_MIDDLEFLOOR:MONTREAL-TRUDEAU.INTL.AP ANN HUM_N 99.6% CONDNS DP=>MCDB:Des Heat Mass Flow [kg/s],LIVING_UNIT1_BACKROW_MIDDLEFLOOR::Des Cool Mass Flow [kg/s],LIVING_UNIT2_BACKROW_MIDDLEFLOOR:MONTREAL-TRUDEAU.INTL.AP ANN HUM_N 99.6% CONDNS DP=>MCDB:Des Heat Load [W],LIVING_UNIT2_BACKROW_MIDDLEFLOOR::Des Sens Cool Load [W],LIVING_UNIT2_BACKROW_MIDDLEFLOOR:MONTREAL-TRUDEAU.INTL.AP ANN HUM_N 99.6% CONDNS DP=>MCDB:Des Heat Mass Flow [kg/s],LIVING_UNIT2_BACKROW_MIDDLEFLOOR::Des Cool Mass Flow [kg/s],LIVING_UNIT3_BACKROW_MIDDLEFLOOR:MONTREAL-TRUDEAU.INTL.AP ANN HUM_N 99.6% CONDNS DP=>MCDB:Des Heat Load [W],LIVING_UNIT3_BACKROW_MIDDLEFLOOR::Des Sens Cool Load [W],LIVING_UNIT3_BACKROW_MIDDLEFLOOR:MONTREAL-TRUDEAU.INTL.AP ANN HUM_N 99.6% CONDNS DP=>MCDB:Des Heat Mass Flow [kg/s],LIVING_UNIT3_BACKROW_MIDDLEFLOOR::Des Cool Mass Flow [kg/s],LIVING_UNIT3_BACKROW_TOPFLOOR:MONTREAL-TRUDEAU.INTL.AP ANN HUM_N 99.6% CONDNS DP=>MCDB:Des Heat Load [W],LIVING_UNIT3_BACKROW_TOPFLOOR::Des Sens Cool Load [W],LIVING_UNIT3_BACKROW_TOPFLOOR:MONTREAL-TRUDEAU.INTL.AP ANN HUM_N 99.6% CONDNS DP=>MCDB:Des Heat Mass Flow [kg/s],LIVING_UNIT3_BACKROW_TOPFLOOR::Des Cool Mass Flow [kg/s],LIVING_UNIT3_FRONTROW_TOPFLOOR:MONTREAL-TRUDEAU.INTL.AP ANN HUM_N 99.6% CONDNS DP=>MCDB:Des Heat Load [W],LIVING_UNIT3_FRONTROW_TOPFLOOR::Des Sens Cool Load [W],LIVING_UNIT3_FRONTROW_TOPFLOOR:MONTREAL-TRUDEAU.INTL.AP ANN HUM_N 99.6% CONDNS DP=>MCDB:Des Heat Mass Flow [kg/s],LIVING_UNIT3_FRONTROW_TOPFLOOR::Des Cool Mass Flow [kg/s],LIVING_UNIT1_FRONTROW_TOPFLOOR:MONTREAL-TRUDEAU.INTL.AP ANN HUM_N 99.6% CONDNS DP=>MCDB:Des Heat Load [W],LIVING_UNIT1_FRONTROW_TOPFLOOR::Des Sens Cool Load [W],LIVING_UNIT1_FRONTROW_TOPFLOOR:MONTREAL-TRUDEAU.INTL.AP ANN HUM_N 99.6% CONDNS DP=>MCDB:Des Heat Mass Flow [kg/s],LIVING_UNIT1_FRONTROW_TOPFLOOR::Des Cool Mass Flow [kg/s],LIVING_UNIT2_BACKROW_TOPFLOOR:MONTREAL-TRUDEAU.INTL.AP ANN HUM_N 99.6% CONDNS DP=>MCDB:Des Heat Load [W],LIVING_UNIT2_BACKROW_TOPFLOOR::Des Sens Cool Load [W],LIVING_UNIT2_BACKROW_TOPFLOOR:MONTREAL-TRUDEAU.INTL.AP ANN HUM_N 99.6% CONDNS DP=>MCDB:Des Heat Mass Flow [kg/s],LIVING_UNIT2_BACKROW_TOPFLOOR::Des Cool Mass Flow [kg/s],LIVING_UNIT2_FRONTROW_TOPFLOOR:MONTREAL-TRUDEAU.INTL.AP ANN HUM_N 99.6% CONDNS DP=>MCDB:Des Heat Load [W],LIVING_UNIT2_FRONTROW_TOPFLOOR::Des Sens Cool Load [W],LIVING_UNIT2_FRONTROW_TOPFLOOR:MONTREAL-TRUDEAU.INTL.AP ANN HUM_N 99.6% CONDNS DP=>MCDB:Des Heat Mass Flow [kg/s],LIVING_UNIT2_FRONTROW_TOPFLOOR::Des Cool Mass Flow [kg/s],LIVING_UNIT1_BACKROW_TOPFLOOR:MONTREAL-TRUDEAU.INTL.AP ANN HUM_N 99.6% CONDNS DP=>MCDB:Des Heat Load [W],LIVING_UNIT1_BACKROW_TOPFLOOR::Des Sens Cool Load [W],LIVING_UNIT1_BACKROW_TOPFLOOR:MONTREAL-TRUDEAU.INTL.AP ANN HUM_N 99.6% CONDNS DP=>MCDB:Des Heat Mass Flow [kg/s],LIVING_UNIT1_BACKROW_TOPFLOOR::Des Cool Mass Flow [kg/s]
00:15:00,2.480635E+03,0.000000E+00,8.756533E-02,0.000000E+00,1.707520E+03,0.000000E+00,6.027603E-02,0.000000E+00,2.477548E+03,0.000000E+00,8.745635E-02,0.000000E+00,2.480334E+03,0.000000E+00,8.755471E-02,0.000000E+00,1.706477E+03,0.000000E+00,6.023923E-02,0.000000E+00,2.475733E+03,0.000000E+00,8.739231E-02,0.000000E+00,1.667859E+03,0.000000E+00,5.888074E-02,0.000000E+00,9.020649E+02,0.000000E+00,3.184658E-02,0.000000E+00,1.662995E+03,0.000000E+00,5.870904E-02,0.000000E+00,1.667035E+03,0.000000E+00,5.885165E-02,0.000000E+00,9.005968E+02,0.000000E+00,3.179475E-02,0.000000E+00,1.660815E+03,0.000000E+00,5.863208E-02,0.000000E+00,2.516434E+03,0.000000E+00,8.882902E-02,0.000000E+00,2.519445E+03,0.000000E+00,8.893534E-02,0.000000E+00,2.525397E+03,0.000000E+00,8.914544E-02,0.000000E+00,1.751920E+03,0.000000E+00,6.184338E-02,0.000000E+00,1.754431E+03,0.000000E+00,6.193202E-02,0.000000E+00,2.523350E+03,0.000000E+00,8.907315E-02,0.000000E+00
00:30:00,2.497287E+03,0.000000E+00,8.815304E-02,0.000000E+00,1.723728E+03,0.000000E+00,6.084811E-02,0.000000E+00,2.494199E+03,0.000000E+00,8.804405E-02,0.000000E+00,2.496987E+03,0.000000E+00,8.814246E-02,0.000000E+00,1.722686E+03,0.000000E+00,6.081133E-02,0.000000E+00,2.492385E+03,0.000000E+00,8.798001E-02,0.000000E+00,1.683510E+03,0.000000E+00,5.943322E-02,0.000000E+00,9.168320E+02,0.000000E+00,3.236790E-02,0.000000E+00,1.678645E+03,0.000000E+00,5.926145E-02,0.000000E+00,1.682687E+03,0.000000E+00,5.940417E-02,0.000000E+00,9.153638E+02,0.000000E+00,3.231606E-02,0.000000E+00,1.676465E+03,0.000000E+00,5.918450E-02,0.000000E+00,2.533032E+03,0.000000E+00,8.941485E-02,0.000000E+00,2.536044E+03,0.000000E+00,8.952116E-02,0.000000E+00,2.541996E+03,0.000000E+00,8.973128E-02,0.000000E+00,1.768012E+03,0.000000E+00,6.241136E-02,0.000000E+00,1.770523E+03,0.000000E+00,6.250001E-02,0.000000E+00,2.539949E+03,0.000000E+00,8.965902E-02,0.000000E+00
00:45:00,2.513932E+03,0.000000E+00,8.874052E-02,0.000000E+00,1.739999E+03,0.000000E+00,6.142243E-02,0.000000E+00,2.510845E+03,0.000000E+00,8.863154E-02,0.000000E+00,2.513634E+03,0.000000E+00,8.872999E-02,0.000000E+00,1.738958E+03,0.000000E+00,6.138566E-02,0.000000E+00,2.509031E+03,0.000000E+00,8.856751E-02,0.000000E+00,1.699292E+03,0.000000E+00,5.999032E-02,0.000000E+00,9.318122E+02,0.000000E+00,3.289673E-02,0.000000E+00,1.694425E+03,0.000000E+00,5.981849E-02,0.000000E+00,1.698471E+03,0.000000E+00,5.996132E-02,0.000000E+00,9.303439E+02,0.000000E+00,3.284490E-02,0.000000E+00,1.692246E+03,0.000000E+00,5.974155E-02,0.000000E+00,2.549556E+03,0.000000E+00,8.999804E-02,0.000000E+00,2.552567E+03,0.000000E+00,9.010433E-02,0.000000E+00,2.558520E+03,0.000000E+00,9.031446E-02,0.000000E+00,1.784119E+03,0.000000E+00,6.297989E-02,0.000000E+00,1.786631E+03,0.000000E+00,6.306854E-02,0.000000E+00,2.556474E+03,0.000000E+00,9.024224E-02,0.000000E+00
01:00:00,2.530626E+03,0.000000E+00,8.932974E-02,0.000000E+00,1.756369E+03,0.000000E+00,6.200021E-02,0.000000E+00,2.527539E+03,0.000000E+00,8.922076E-02,0.000000E+00,2.530329E+03,0.000000E+00,8.931925E-02,0.000000E+00,1.755328E+03,0.000000E+00,6.196346E-02,0.000000E+00,2.525726E+03,0.000000E+00,8.915675E-02,0.000000E+00,1.715235E+03,0.000000E+00,6.055310E-02,0.000000E+00,9.470184E+02,0.000000E+00,3.343355E-02,0.000000E+00,1.710367E+03,0.000000E+00,6.038123E-02,0.000000E+00,1.714416E+03,0.000000E+00,6.052415E-02,0.000000E+00,9.455504E+02,0.000000E+00,3.338173E-02,0.000000E+00,1.708188E+03,0.000000E+00,6.030430E-02,0.000000E+00,2.566069E+03,0.000000E+00,9.058087E-02,0.000000E+00,2.569080E+03,0.000000E+00,9.068715E-02,0.000000E+00,2.575033E+03,0.000000E+00,9.089727E-02,0.000000E+00,1.800284E+03,0.000000E+00,6.355045E-02,0.000000E+00,1.802795E+03,0.000000E+00,6.363909E-02,0.000000E+00,2.572988E+03,0.000000E+00,9.082509E-02,0.000000E+00
01:15:00,2.543382E+03,0.000000E+00,8.977993E-02,0.000000E+00,1.769076E+03,0.000000E+00,6.244872E-02,0.000000E+00,2.540296E+03,0.000000E+00,8.967097E-02,0.000000E+00,2.543086E+03,0.000000E+00,8.976948E-02,0.000000E+00,1.768036E+03,0.000000E+00,6.241199E-02,0.000000E+00,2.538482E+03,0.000000E+00,8.960697E-02,0.000000E+00,1.727945E+03,0.000000E+00,6.100171E-02,0.000000E+00,9.593158E+02,0.000000E+00,3.386767E-02,0.000000E+00,1.723076E+03,0.000000E+00,6.082982E-02,0.000000E+00,1.727126E+03,0.000000E+00,6.097280E-02,0.000000E+00,9.578479E+02,0.000000E+00,3.381585E-02,0.000000E+00,1.720897E+03,0.000000E+00,6.075290E-02,0.000000E+00,2.579546E+03,0.000000E+00,9.105652E-02,0.000000E+00,2.582557E+03,0.000000E+00,9.116278E-02,0.000000E+00,2.588509E+03,0.000000E+00,9.137289E-02,0.000000E+00,1.813642E+03,0.000000E+00,6.402193E-02,0.000000E+00,1.816154E+03,0.000000E+00,6.411057E-02,0.000000E+00,2.586465E+03,0.000000E+00,9.130073E-02,0.000000E+00
01:30:00,2.554367E+03,0.000000E+00,9.016763E-02,0.000000E+00,1.780181E+03,0.000000E+00,6.284069E-02,0.000000E+00,2.551281E+03,0.000000E+00,9.005869E-02,0.000000E+00,2.554072E+03,0.000000E+00,9.015719E-02,0.000000E+00,1.779141E+03,0.000000E+00,6.280397E-02,0.000000E+00,2.549468E+03,0.000000E+00,8.999470E-02,0.000000E+00,1.739240E+03,0.000000E+00,6.140042E-02,0.000000E+00,9.704083E+02,0.000000E+00,3.425926E-02,0.000000E+00,1.734371E+03,0.000000E+00,6.122853E-02,0.000000E+00,1.738422E+03,0.000000E+00,6.137154E-02,0.000000E+00,9.689406E+02,0.000000E+00,3.420744E-02,0.000000E+00,1.732193E+03,0.000000E+00,6.115162E-02,0.000000E+00,2.591412E+03,0.000000E+00,9.147531E-02,0.000000E+00,2.594422E+03,0.000000E+00,9.158154E-02,0.000000E+00,2.600373E+03,0.000000E+00,9.179162E-02,0.000000E+00,1.825561E+03,0.000000E+00,6.444260E-02,0.000000E+00,1.828072E+03,0.000000E+00,6.453123E-02,0.000000E+00,2.598330E+03,0.000000E+00,9.171949E-02,0.000000E+00
01:45:00,2.564556E+03,0.000000E+00,9.052721E-02,0.000000E+00,1.790557E+03,0.000000E+00,6.320692E-02,0.000000E+00,2.561470E+03,0.000000E+00,9.041830E-02,0.000000E+00,2.564260E+03,0.000000E+00,9.051680E-02,0.000000E+00,1.789518E+03,0.000000E+00,6.317022E-02,0.000000E+00,2.559658E+03,0.000000E+00,9.035433E-02,0.000000E+00,1.749838E+03,0.000000E+00,6.177448E-02,0.000000E+00,9.809041E+02,0.000000E+00,3.462977E-02,0.000000E+00,1.744969E+03,0.000000E+00,6.160260E-02,0.000000E+00,1.749021E+03,0.000000E+00,6.174564E-02,0.000000E+00,9.794367E+02,0.000000E+00,3.457797E-02,0.000000E+00,1.742791E+03,0.000000E+00,6.152571E-02,0.000000E+00,2.602246E+03,0.000000E+00,9.185766E-02,0.000000E+00,2.605255E+03,0.000000E+00,9.196387E-02,0.000000E+00,2.611204E+03,0.000000E+00,9.217389E-02,0.000000E+00,1.836541E+03,0.000000E+00,6.483016E-02,0.000000E+00,1.839052E+03,0.000000E+00,6.491877E-02,0.000000E+00,2.609162E+03,0.000000E+00,9.210179E-02,0.000000E+00
02:00:00,2.574124E+03,0.000000E+00,9.086494E-02,0.000000E+00,1.800342E+03,0.000000E+00,6.355228E-02,0.000000E+00,2.571040E+03,0.000000E+00,9.075607E-02,0.000000E+00,2.573830E+03,0.000000E+00,9.085455E-02,0.000000E+00,1.799303E+03,0.000000E+00,6.351560E-02,0.000000E+00,2.569228E+03,0.000000E+00,9.069211E-02,0.000000E+00,1.759878E+03,0.000000E+00,6.212890E-02,0.000000E+00,9.909077E+02,0.000000E+00,3.498291E-02,0.000000E+00,1.755010E+03,0.000000E+00,6.195704E-02,0.000000E+00,1.759062E+03,0.000000E+00,6.210009E-02,0.000000E+00,9.894409E+02,0.000000E+00,3.493113E-02,0.000000E+00,1.752833E+03,0.000000E+00,6.188017E-02,0.000000E+00,2.612279E+03,0.000000E+00,9.221178E-02,0.000000E+00,2.615287E+03,0.000000E+00,9.231795E-02,0.000000E+00,2.621235E+03,0.000000E+00,9.252792E-02,0.000000E+00,1.846776E+03,0.000000E+00,6.519139E-02,0.000000E+00,1.849285E+03,0.000000E+00,6.527997E-02,0.000000E+00,2.619193E+03,0.000000E+00,9.245585E-02,0.000000E+00
02:15:00,2.582299E+03,0.000000E+00,9.115346E-02,0.000000E+00,1.808796E+03,0.000000E+00,6.385070E-02,0.000000E+00,2.579216E+03,0.000000E+00,9.104462E-02,0.000000E+00,2.582005E+03,0.000000E+00,9.114308E-02,0.000000E+00,1.807758E+03,0.000000E+00,6.381404E-02,0.000000E+00,2.577404E+03,0.000000E+00,9.098069E-02,0.000000E+00,1.768728E+03,0.000000E+00,6.244129E-02,0.000000E+00,9.998289E+02,0.000000E+00,3.529784E-02,0.000000E+00,1.763861E+03,0.000000E+00,6.226946E-02,0.000000E+00,1.767913E+03,0.000000E+00,6.241251E-02,0.000000E+00,9.983626E+02,0.000000E+00,3.524607E-02,0.000000E+00,1.761684E+03,0.000000E+00,6.219261E-02,0.000000E+00,2.621057E+03,0.000000E+00,9.252161E-02,0.000000E+00,2.624064E+03,0.000000E+00,9.262775E-02,0.000000E+00,2.630011E+03,0.000000E+00,9.283765E-02,0.000000E+00,1.855827E+03,0.000000E+00,6.551089E-02,0.000000E+00,1.858336E+03,0.000000E+00,6.559944E-02,0.000000E+00,2.627970E+03,0.000000E+00,9.276562E-02,0.000000E+00
02:30:00,2.589586E+03,0.000000E+00,9.141065E-02,0.000000E+00,1.816404E+03,0.000000E+00,6.411922E-02,0.000000E+00,2.586504E+03,0.000000E+00,9.130186E-02,0.000000E+00,2.589292E+03,0.000000E+00,9.140030E-02,0.000000E+00,1.815366E+03,0.000000E+00,6.408258E-02,0.000000E+00,2.584693E+03,0.000000E+00,9.123794E-02,0.000000E+00,1.776768E+03,0.000000E+00,6.272507E-02,0.000000E+00,1.008015E+03,0.000000E+00,3.558680E-02,0.000000E+00,1.771902E+03,0.000000E+00,6.255328E-02,0.000000E+00,1.775953E+03,0.000000E+00,6.269631E-02,0.000000E+00,1.006549E+03,0.000000E+00,3.553506E-02,0.000000E+00,1.769726E+03,0.000000E+00,6.247646E-02,0.000000E+00,2.628875E+03,0.000000E+00,9.279755E-02,0.000000E+00,2.631881E+03,0.000000E+00,9.290366E-02,0.000000E+00,2.637826E+03,0.000000E+00,9.311348E-02,0.000000E+00,1.863968E+03,0.000000E+00,6.579822E-02,0.000000E+00,1.866475E+03,0.000000E+00,6.588674E-02,0.000000E+00,2.635786E+03,0.000000E+00,9.304148E-02,0.000000E+00
02:45:00,2.596275E+03,0.000000E+00,9.164675E-02,0.000000E+00,1.823422E+03,0.000000E+00,6.436693E-02,0.000000E+00,2.593194E+03,0.000000E+00,9.153801E-02,0.000000E+00,2.595982E+03,0.000000E+00,9.163641E-02,0.000000E+00,1.822385E+03,0.000000E+00,6.433032E-02,0.000000E+00,2.591384E+03,0.000000E+00,9.147411E-02,0.000000E+00,1.784214E+03,0.000000E+00,6.298792E-02,0.000000E+00,1.015647E+03,0.000000E+00,3.585622E-02,0.000000E+00,1.779350E+03,0.000000E+00,6.281618E-02,0.000000E+00,1.783401E+03,0.000000E+00,6.295919E-02,0.000000E+00,1.014182E+03,0.000000E+00,3.580451E-02,0.000000E+00,1.777174E+03,0.000000E+00,6.273938E-02,0.000000E+00,2.635960E+03,0.000000E+00,9.304762E-02,0.000000E+00,2.638965E+03,0.000000E+00,9.315369E-02,0.000000E+00,2.644907E+03,0.000000E+00,9.336345E-02,0.000000E+00,1.871397E+03,0.000000E+00,6.606044E-02,0.000000E+00,1.873903E+03,0.000000E+00,6.614892E-02,0.000000E+00,2.642869E+03,0.000000E+00,9.329148E-02,0.000000E+00
03:00:00,2.602451E+03,0.000000E+00,9.186475E-02,0.000000E+00,1.829922E+03,0.000000E+00,6.459636E-02,0.000000E+00,2.599372E+03,0.000000E+00,9.175605E-02,0.000000E+00,2.602158E+03,0.000000E+00,9.185443E-02,0.000000E+00,1.828885E+03,0.000000E+00,6.455977E-02,0.000000E+00,2.597562E+03,0.000000E+00,9.169217E-02,0.000000E+00,1.791136E+03,0.000000E+00,6.323225E-02,0.000000E+00,1.022778E+03,0.000000E+00,3.610796E-02,0.000000E+00,1.786273E+03,0.000000E+00,6.306056E-02,0.000000E+00,1.790323E+03,0.000000E+00,6.320355E-02,0.000000E+00,1.021314E+03,0.000000E+00,3.605627E-02,0.000000E+00,1.784098E+03,0.000000E+00,6.298379E-02,0.000000E+00,2.642433E+03,0.000000E+00,9.327609E-02,0.000000E+00,2.645437E+03,0.000000E+00,9.338212E-02,0.000000E+00,2.651377E+03,0.000000E+00,9.359180E-02,0.000000E+00,1.878219E+03,0.000000E+00,6.630124E-02,0.000000E+00,1.880724E+03,0.000000E+00,6.638968E-02,0.000000E+00,2.649339E+03,0.000000E+00,9.351986E-02,0.000000E+00
03:15:00,2.608096E+03,0.000000E+00,9.206401E-02,0.000000E+00,1.835889E+03,0.000000E+00,6.480700E-02,0.000000E+00,2.605018E+03,0.000000E+00,9.195536E-02,0.000000E+00,2.607804E+03,0.000000E+00,9.205371E-02,0.000000E+00,1.834853E+03,0.000000E+00,6.477043E-02,0.000000E+00,2.603209E+03,0.000000E+00,9.189151E-02,0.000000E+00,1.797520E+03,0.000000E+00,6.345759E-02,0.000000E+00,1.029395E+03,0.000000E+00,3.634156E-02,0.000000E+00,1.792658E+03,0.000000E+00,6.328596E-02,0.000000E+00,1.796708E+03,0.000000E+00,6.342892E-02,0.000000E+00,1.027932E+03,0.000000E+00,3.628990E-02,0.000000E+00,1.790485E+03,0.000000E+00,6.320922E-02,0.000000E+00,2.648327E+03,0.000000E+00,9.348411E-02,0.000000E+00,2.651329E+03,0.000000E+00,9.359011E-02,0.000000E+00,2.657267E+03,0.000000E+00,9.379971E-02,0.000000E+00,1.884464E+03,0.000000E+00,6.652169E-02,0.000000E+00,1.886969E+03,0.000000E+00,6.661010E-02,0.000000E+00,2.655230E+03,0.000000E+00,9.372780E-02,0.000000E+00
03:30:00,2.613294E+03,0.000000E+00,9.224745E-02,0.000000E+00,1.841401E+03,0.000000E+00,6.500155E-02,0.000000E+00,2.610217E+03,0.000000E+00,9.213885E-02,0.000000E+00,2.613002E+03,0.000000E+00,9.223716E-02,0.000000E+00,1.840365E+03,0.000000E+00,6.496500E-02,0.000000E+00,2.608408E+03,0.000000E+00,9.207501E-02,0.000000E+00,1.803430E+03,0.000000E+00,6.366620E-02,0.000000E+00,1.035553E+03,0.000000E+00,3.655894E-02,0.000000E+00,1.798570E+03,0.000000E+00,6.349463E-02,0.000000E+00,1.802619E+03,0.000000E+00,6.363756E-02,0.000000E+00,1.034091E+03,0.000000E+00,3.650731E-02,0.000000E+00,1.796397E+03,0.000000E+00,6.341792E-02,0.000000E+00,2.653718E+03,0.000000E+00,9.367441E-02,0.000000E+00,2.656720E+03,0.000000E+00,9.378037E-02,0.000000E+00,2.662656E+03,0.000000E+00,9.398990E-02,0.000000E+00,1.890204E+03,0.000000E+00,6.672428E-02,0.000000E+00,1.892707E+03,0.000000E+00,6.681265E-02,0.000000E+00,2.660620E+03,0.000000E+00,9.391802E-02,0.000000E+00
03:45:00,2.618118E+03,0.000000E+00,9.241772E-02,0.000000E+00,1.846528E+03,0.000000E+00,6.518252E-02,0.000000E+00,2.615042E+03,0.000000E+00,9.230916E-02,0.000000E+00,2.617826E+03,0.000000E+00,9.240745E-02,0.000000E+00,1.845493E+03,0.000000E+00,6.514599E-02,0.000000E+00,2.613234E+03,0.000000E+00,9.224535E-02,0.000000E+00,1.808928E+03,0.000000E+00,6.386028E-02,0.000000E+00,1.041306E+03,0.000000E+00,3.676200E-02,0.000000E+00,1.804070E+03,0.000000E+00,6.368876E-02,0.000000E+00,1.808118E+03,0.000000E+00,6.383166E-02,0.000000E+00,1.039844E+03,0.000000E+00,3.671040E-02,0.000000E+00,1.801898E+03,0.000000E+00,6.361208E-02,0.000000E+00,2.658684E+03,0.000000E+00,9.384969E-02,0.000000E+00,2.661685E+03,0.000000E+00,9.395562E-02,0.000000E+00,2.667618E+03,0.000000E+00,9.416507E-02,0.000000E+00,1.895507E+03,0.000000E+00,6.691149E-02,0.000000E+00,1.898010E+03,0.000000E+00,6.699982E-02,0.000000E+00,2.665583E+03,0.000000E+00,9.409322E-02,0.000000E+00
04:00:00,2.622615E+03,0.000000E+00,9.257647E-02,0.000000E+00,1.851315E+03,0.000000E+00,6.535149E-02,0.000000E+00,2.619541E+03,0.000000E+00,9.246796E-02,0.000000E+00,2.622324E+03,0.000000E+00,9.256621E-02,0.000000E+00,1.850281E+03,0.000000E+00,6.531498E-02,0.000000E+00,2.617734E+03,0.000000E+00,9.240416E-02,0.000000E+00,1.814056E+03,0.000000E+00,6.404127E-02,0.000000E+00,1.046690E+03,0.000000E+00,3.695205E-02,0.000000E+00,1.809199E+03,0.000000E+00,6.386981E-02,0.000000E+00,1.813246E+03,0.000000E+00,6.401268E-02,0.000000E+00,1.045229E+03,0.000000E+00,3.690049E-02,0.000000E+00,1.807028E+03,0.000000E+00,6.379316E-02,0.000000E+00,2.663281E+03,0.000000E+00,9.401194E-02,0.000000E+00,2.666280E+03,0.000000E+00,9.411783E-02,0.000000E+00,2.672212E+03,0.000000E+00,9.432721E-02,0.000000E+00,1.900429E+03,0.000000E+00,6.708522E-02,0.000000E+00,1.902930E+03,0.000000E+00,6.717352E-02,0.000000E+00,2.670177E+03,0.000000E+00,9.425539E-02,0.000000E+00
04:15:00,2.624225E+03,0.000000E+00,9.263329E-02,0.000000E+00,1.853286E+03,0.000000E+00,6.542108E-02,0.000000E+00,2.621152E+03,0.000000E+00,9.252482E-02,0.000000E+00,2.623934E+03,0.000000E+00,9.262303E-02,0.000000E+00,1.852253E+03,0.000000E+00,6.538459E-02,0.000000E+00,2.619345E+03,0.000000E+00,9.246104E-02,0.000000E+00,1.816463E+03,0.000000E+00,6.412625E-02,0.000000E+00,1.049447E+03,0.000000E+00,3.704939E-02,0.000000E+00,1.811608E+03,0.000000E+00,6.395485E-02,0.000000E+00,1.815654E+03,0.000000E+00,6.409768E-02,0.000000E+00,1.047987E+03,0.000000E+00,3.699785E-02,0.000000E+00,1.809438E+03,0.000000E+00,6.387823E-02,0.000000E+00,2.665316E+03,0.000000E+00,9.408377E-02,0.000000E+00,2.668315E+03,0.000000E+00,9.418963E-02,0.000000E+00,2.674244E+03,0.000000E+00,9.439894E-02,0.000000E+00,1.902840E+03,0.000000E+00,6.717032E-02,0.000000E+00,1.905340E+03,0.000000E+00,6.725858E-02,0.000000E+00,2.672210E+03,0.000000E+00,9.432715E-02,0.000000E+00
04:30:00,2.624687E+03,0.000000E+00,9.264961E-02,0.000000E+00,1.854152E+03,0.000000E+00,6.545164E-02,0.000000E+00,2.621615E+03,0.000000E+00,9.254118E-02,0.000000E+00,2.624396E+03,0.000000E+00,9.263935E-02,0.000000E+00,1.853118E+03,0.000000E+00,6.541516E-02,0.000000E+00,2.619809E+03,0.000000E+00,9.247742E-02,0.000000E+00,1.817809E+03,0.000000E+00,6.417375E-02,0.000000E+00,1.051202E+03,0.000000E+00,3.711133E-02,0.000000E+00,1.812956E+03,0.000000E+00,6.400241E-02,0.000000E+00,1.817000E+03,0.000000E+00,6.414519E-02,0.000000E+00,1.049743E+03,0.000000E+00,3.705981E-02,0.000000E+00,1.810786E+03,0.000000E+00,6.392581E-02,0.000000E+00,2.666287E+03,0.000000E+00,9.411806E-02,0.000000E+00,2.669285E+03,0.000000E+00,9.422389E-02,0.000000E+00,2.675213E+03,0.000000E+00,9.443314E-02,0.000000E+00,1.904221E+03,0.000000E+00,6.721907E-02,0.000000E+00,1.906720E+03,0.000000E+00,6.730730E-02,0.000000E+00,2.673179E+03,0.000000E+00,9.436136E-02,0.000000E+00
04:45:00,2.624430E+03,0.000000E+00,9.264055E-02,0.000000E+00,1.854301E+03,0.000000E+00,6.545690E-02,0.000000E+00,2.621360E+03,0.000000E+00,9.253217E-02,0.000000E+00,2.624140E+03,0.000000E+00,9.263030E-02,0.000000E+00,1.853268E+03,0.000000E+00,6.542043E-02,0.000000E+00,2.619554E+03,0.000000E+00,9.246842E-02,0.000000E+00,1.818430E+03,0.000000E+00,6.419567E-02,0.000000E+00,1.052248E+03,0.000000E+00,3.714826E-02,0.000000E+00,1.813578E+03,0.000000E+00,6.402439E-02,0.000000E+00,1.817621E+03,0.000000E+00,6.416711E-02,0.000000E+00,1.050790E+03,0.000000E+00,3.709676E-02,0.000000E+00,1.811409E+03,0.000000E+00,6.394781E-02,0.000000E+00,2.666467E+03,0.000000E+00,9.412443E-02,0.000000E+00,2.669464E+03,0.000000E+00,9.423023E-02,0.000000E+00,2.675390E+03,0.000000E+00,9.443940E-02,0.000000E+00,1.904818E+03,0.000000E+00,6.724014E-02,0.000000E+00,1.907316E+03,0.000000E+00,6.732834E-02,0.000000E+00,2.673357E+03,0.000000E+00,9.436764E-02,0.000000E+00
05:00:00,2.623596E+03,0.000000E+00,9.261113E-02,0.000000E+00,1.853859E+03,0.000000E+00,6.544133E-02,0.000000E+00,2.620527E+03,0.000000E+00,9.250278E-02,0.000000E+00,2.623306E+03,0.000000E+00,9.260088E-02,0.000000E+00,1.852827E+03,0.000000E+00,6.540488E-02,0.000000E+00,2.618721E+03,0.000000E+00,9.243905E-02,0.000000E+00,1.818444E+03,0.000000E+00,6.419616E-02,0.000000E+00,1.052689E+03,0.000000E+00,3.716379E-02,0.000000E+00,1.813594E+03,0.000000E+00,6.402494E-02,0.000000E+00,1.817635E+03,0.000000E+00,6.416761E-02,0.000000E+00,1.051231E+03,0.000000E+00,3.711232E-02,0.000000E+00,1.811426E+03,0.000000E+00,6.394839E-02,0.000000E+00,2.665994E+03,0.000000E+00,9.410775E-02,0.000000E+00,2.668991E+03,0.000000E+00,9.421353E-02,0.000000E+00,2.674915E+03,0.000000E+00,9.442264E-02,0.000000E+00,1.904754E+03,0.000000E+00,6.723790E-02,0.000000E+00,1.907251E+03,0.000000E+00,6.732606E-02,0.000000E+00,2.672882E+03,0.000000E+00,9.435089E-02,0.000000E+00
05:15:00,2.618862E+03,0.000000E+00,9.244404E-02,0.000000E+00,1.849698E+03,0.000000E+00,6.529444E-02,0.000000E+00,2.615794E+03,0.000000E+00,9.233574E-02,0.000000E+00,2.618571E+03,0.000000E+00,9.243378E-02,0.000000E+00,1.848665E+03,0.000000E+00,6.525800E-02,0.000000E+00,2.613989E+03,0.000000E+00,9.227202E-02,0.000000E+00,1.815041E+03,0.000000E+00,6.407603E-02,0.000000E+00,1.049918E+03,0.000000E+00,3.706598E-02,0.000000E+00,1.810193E+03,0.000000E+00,6.390488E-02,0.000000E+00,1.814233E+03,0.000000E+00,6.404748E-02,0.000000E+00,1.048461E+03,0.000000E+00,3.701452E-02,0.000000E+00,1.808025E+03,0.000000E+00,6.382835E-02,0.000000E+00,2.662364E+03,0.000000E+00,9.397963E-02,0.000000E+00,2.665360E+03,0.000000E+00,9.408538E-02,0.000000E+00,2.671282E+03,0.000000E+00,9.429443E-02,0.000000E+00,1.901663E+03,0.000000E+00,6.712883E-02,0.000000E+00,1.904160E+03,0.000000E+00,6.721697E-02,0.000000E+00,2.669250E+03,0.000000E+00,9.422269E-02,0.000000E+00
05:30:00,2.612258E+03,0.000000E+00,9.221094E-02,0.000000E+00,1.843766E+03,0.000000E+00,6.508507E-02,0.000000E+00,2.609190E+03,0.000000E+00,9.210267E-02,0.000000E+00,2.611966E+03,0.000000E+00,9.220065E-02,0.000000E+00,1.842733E+03,0.000000E+00,6.504862E-02,0.000000E+00,2.607386E+03,0.000000E+00,9.203896E-02,0.000000E+00,1.809938E+03,0.000000E+00,6.389587E-02,0.000000E+00,1.045570E+03,0.000000E+00,3.691245E-02,0.000000E+00,1.805092E+03,0.000000E+00,6.372479E-02,0.000000E+00,1.809129E+03,0.000000E+00,6.386730E-02,0.000000E+00,1.044112E+03,0.000000E+00,3.686100E-02,0.000000E+00,1.802924E+03,0.000000E+00,6.364827E-02,0.000000E+00,2.656925E+03,0.000000E+00,9.378767E-02,0.000000E+00,2.659921E+03,0.000000E+00,9.389341E-02,0.000000E+00,2.665841E+03,0.000000E+00,9.410240E-02,0.000000E+00,1.896856E+03,0.000000E+00,6.695914E-02,0.000000E+00,1.899352E+03,0.000000E+00,6.704726E-02,0.000000E+00,2.663809E+03,0.000000E+00,9.403064E-02,0.000000E+00
05:45:00,2.604602E+03,0.000000E+00,9.194073E-02,0.000000E+00,1.836788E+03,0.000000E+00,6.483880E-02,0.000000E+00,2.601536E+03,0.000000E+00,9.183250E-02,0.000000E+00,2.604309E+03,0.000000E+00,9.193042E-02,0.000000E+00,1.835756E+03,0.000000E+00,6.480236E-02,0.000000E+00,2.599731E+03,0.000000E+00,9.176880E-02,0.000000E+00,1.803748E+03,0.000000E+00,6.367738E-02,0.000000E+00,1.040163E+03,0.000000E+00,3.672158E-02,0.000000E+00,1.798905E+03,0.000000E+00,6.350638E-02,0.000000E+00,1.802939E+03,0.000000E+00,6.364879E-02,0.000000E+00,1.038706E+03,0.000000E+00,3.667014E-02,0.000000E+00,1.796737E+03,0.000000E+00,6.342987E-02,0.000000E+00,2.650219E+03,0.000000E+00,9.355097E-02,0.000000E+00,2.653214E+03,0.000000E+00,9.365669E-02,0.000000E+00,2.659132E+03,0.000000E+00,9.386561E-02,0.000000E+00,1.890805E+03,0.000000E+00,6.674559E-02,0.000000E+00,1.893301E+03,0.000000E+00,6.683368E-02,0.000000E+00,2.657099E+03,0.000000E+00,9.379385E-02,0.000000E+00
06:00:00,2.596050E+03,0.000000E+00,9.163890E-02,0.000000E+00,1.828896E+03,0.000000E+00,6.456023E-02,0.000000E+00,2.592985E+03,0.000000E+00,9.153072E-02,0.000000E+00,2.595757E+03,0.000000E+00,9.162857E-02,0.000000E+00,1.827864E+03,0.000000E+00,6.452379E-02,0.000000E+00,2.591181E+03,0.000000E+00,9.146702E-02,0.000000E+00,1.796619E+03,0.000000E+00,6.342569E-02,0.000000E+00,1.033820E+03,0.000000E+00,3.649763E-02,0.000000E+00,1.791777E+03,0.000000E+00,6.325477E-02,0.000000E+00,1.795808E+03,0.000000E+00,6.339708E-02,0.000000E+00,1.032363E+03,0.000000E+00,3.644621E-02,0.000000E+00,1.789610E+03,0.000000E+00,6.317827E-02,0.000000E+00,2.642465E+03,0.000000E+00,9.327733E-02,0.000000E+00,2.645460E+03,0.000000E+00,9.338303E-02,0.000000E+00,2.651376E+03,0.000000E+00,9.359188E-02,0.000000E+00,1.883705E+03,0.000000E+00,6.649497E-02,0.000000E+00,1.886200E+03,0.000000E+00,6.658304E-02,0.000000E+00,2.649343E+03,0.000000E+00,9.352012E-02,0.000000E+00
06:15:00,2.588612E+03,0.000000E+00,9.137640E-02,0.000000E+00,1.822068E+03,0.000000E+00,6.431923E-02,0.000000E+00,2.585548E+03,0.000000E+00,9.126825E-02,0.000000E+00,2.588319E+03,0.000000E+00,9.136605E-02,0.000000E+00,1.821035E+03,0.000000E+00,6.428279E-02,0.000000E+00,2.583744E+03,0.000000E+00,9.120457E-02,0.000000E+00,1.790503E+03,0.000000E+00,6.320982E-02,0.000000E+00,1.028463E+03,0.000000E+00,3.630852E-02,0.000000E+00,1.785664E+03,0.000000E+00,6.303898E-02,0.000000E+00,1.789692E+03,0.000000E+00,6.318119E-02,0.000000E+00,1.027007E+03,0.000000E+00,3.625711E-02,0.000000E+00,1.783497E+03,0.000000E+00,6.296249E-02,0.000000E+00,2.635649E+03,0.000000E+00,9.303677E-02,0.000000E+00,2.638643E+03,0.000000E+00,9.314246E-02,0.000000E+00,2.644558E+03,0.000000E+00,9.335124E-02,0.000000E+00,1.877510E+03,0.000000E+00,6.627635E-02,0.000000E+00,1.880005E+03,0.000000E+00,6.636439E-02,0.000000E+00,2.642525E+03,0.000000E+00,9.327948E-02,0.000000E+00
06:30:00,2.580642E+03,0.000000E+00,9.109510E-02,0.000000E+00,1.814664E+03,0.000000E+00,6.405792E-02,0.000000E+00,2.577579E+03,0.000000E+00,9.098699E-02,0.000000E+00,2.580348E+03,0.000000E+00,9.108473E-02,0.000000E+00,1.813632E+03,0.000000E+00,6.402148E-02,0.000000E+00,2.575775E+03,0.000000E+00,9.092331E-02,0.000000E+00,1.783765E+03,0.000000E+00,6.297196E-02,0.000000E+00,1.022457E+03,0.000000E+00,3.609651E-02,0.000000E+00,1.778928E+03,0.000000E+00,6.280119E-02,0.000000E+00,1.782954E+03,0.000000E+00,6.294332E-02,0.000000E+00,1.021001E+03,0.000000E+00,3.604511E-02,0.000000E+00,1.776761E+03,0.000000E+00,6.272472E-02,0.000000E+00,2.628195E+03,0.000000E+00,9.277370E-02,0.000000E+00,2.631189E+03,0.000000E+00,9.287938E-02,0.000000E+00,2.637102E+03,0.000000E+00,9.308810E-02,0.000000E+00,1.870643E+03,0.000000E+00,6.603395E-02,0.000000E+00,1.873136E+03,0.000000E+00,6.612197E-02,0.000000E+00,2.635069E+03,0.000000E+00,9.301633E-02,0.000000E+00
06:45:00,2.572093E+03,0.000000E+00,9.079339E-02,0.000000E+00,1.806649E+03,0.000000E+00,6.377502E-02,0.000000E+00,2.569031E+03,0.000000E+00,9.068531E-02,0.000000E+00,2.571799E+03,0.000000E+00,9.078299E-02,0.000000E+00,1.805617E+03,0.000000E+00,6.373858E-02,0.000000E+00,2.567227E+03,0.000000E+00,9.062163E-02,0.000000E+00,1.776391E+03,0.000000E+00,6.271165E-02,0.000000E+00,1.015799E+03,0.000000E+00,3.586146E-02,0.000000E+00,1.771555E+03,0.000000E+00,6.254095E-02,0.000000E+00,1.775579E+03,0.000000E+00,6.268298E-02,0.000000E+00,1.014344E+03,0.000000E+00,3.581007E-02,0.000000E+00,1.769389E+03,0.000000E+00,6.246449E-02,0.000000E+00,2.620118E+03,0.000000E+00,9.248862E-02,0.000000E+00,2.623111E+03,0.000000E+00,9.259428E-02,0.000000E+00,2.629022E+03,0.000000E+00,9.280295E-02,0.000000E+00,1.863119E+03,0.000000E+00,6.576839E-02,0.000000E+00,1.865612E+03,0.000000E+00,6.585639E-02,0.000000E+00,2.626989E+03,0.000000E+00,9.273118E-02,0.000000E+00
07:00:00,2.563039E+03,0.000000E+00,9.047387E-02,0.000000E+00,1.798096E+03,0.000000E+00,6.347314E-02,0.000000E+00,2.559978E+03,0.000000E+00,9.036582E-02,0.000000E+00,2.562744E+03,0.000000E+00,9.046345E-02,0.000000E+00,1.797063E+03,0.000000E+00,6.343670E-02,0.000000E+00,2.558175E+03,0.000000E+00,9.030214E-02,0.000000E+00,1.768444E+03,0.000000E+00,6.243115E-02,0.000000E+00,1.008549E+03,0.000000E+00,3.560553E-02,0.000000E+00,1.763611E+03,0.000000E+00,6.226052E-02,0.000000E+00,1.767631E+03,0.000000E+00,6.240246E-02,0.000000E+00,1.007094E+03,0.000000E+00,3.555414E-02,0.000000E+00,1.761445E+03,0.000000E+00,6.218406E-02,0.000000E+00,2.611492E+03,0.000000E+00,9.218421E-02,0.000000E+00,2.614485E+03,0.000000E+00,9.228986E-02,0.000000E+00,2.620395E+03,0.000000E+00,9.249848E-02,0.000000E+00,1.855014E+03,0.000000E+00,6.548233E-02,0.000000E+00,1.857506E+03,0.000000E+00,6.557031E-02,0.000000E+00,2.618362E+03,0.000000E+00,9.242670E-02,0.000000E+00
07:15:00,2.560570E+03,0.000000E+00,9.038676E-02,0.000000E+00,1.795993E+03,0.000000E+00,6.339896E-02,0.000000E+00,2.557509E+03,0.000000E+00,9.027873E-02,0.000000E+00,2.560274E+03,0.000000E+00,9.037633E-02,0.000000E+00,1.794961E+03,0.000000E+00,6.336252E-02,0.000000E+00,2.555706E+03,0.000000E+00,9.021507E-02,0.000000E+00,1.766725E+03,0.000000E+00,6.237050E-02,0.000000E+00,1.007394E+03,0.000000E+00,3.556475E-02,0.000000E+00,1.761893E+03,0.000000E+00,6.219993E-02,0.000000E+00,1.765912E+03,0.000000E+00,6.234179E-02,0.000000E+00,1.005939E+03,0.000000E+00,3.551338E-02,0.000000E+00,1.759728E+03,0.000000E+00,6.212348E-02,0.000000E+00,2.608973E+03,0.000000E+00,9.209536E-02,0.000000E+00,2.611966E+03,0.000000E+00,9.220100E-02,0.000000E+00,2.617874E+03,0.000000E+00,9.240958E-02,0.000000E+00,1.852906E+03,0.000000E+00,6.540798E-02,0.000000E+00,1.855398E+03,0.000000E+00,6.549594E-02,0.000000E+00,2.615841E+03,0.000000E+00,9.233779E-02,0.000000E+00
07:30:00,2.558599E+03,0.000000E+00,9.031726E-02,0.000000E+00,1.794297E+03,0.000000E+00,6.333914E-02,0.000000E+00,2.555539E+03,0.000000E+00,9.020925E-02,0.000000E+00,2.558303E+03,0.000000E+00,9.030681E-02,0.000000E+00,1.793265E+03,0.000000E+00,6.330270E-02,0.000000E+00,2.553736E+03,0.000000E+00,9.014558E-02,0.000000E+00,1.765296E+03,0.000000E+00,6.232011E-02,0.000000E+00,1.006435E+03,0.000000E+00,3.553090E-02,0.000000E+00,1.760466E+03,0.000000E+00,6.214959E-02,0.000000E+00,1.764483E+03,0.000000E+00,6.229139E-02,0.000000E+00,1.004980E+03,0.000000E+00,3.547954E-02,0.000000E+00,1.758301E+03,0.000000E+00,6.207315E-02,0.000000E+00,2.606844E+03,0.000000E+00,9.202028E-02,0.000000E+00,2.609837E+03,0.000000E+00,9.212592E-02,0.000000E+00,2.615745E+03,0.000000E+00,9.233446E-02,0.000000E+00,1.851099E+03,0.000000E+00,6.534425E-02,0.000000E+00,1.853591E+03,0.000000E+00,6.543220E-02,0.000000E+00,2.613711E+03,0.000000E+00,9.226266E-02,0.000000E+00
07:45:00,2.556734E+03,0.000000E+00,9.025149E-02,0.000000E+00,1.792662E+03,0.000000E+00,6.328143E-02,0.000000E+00,2.553675E+03,0.000000E+00,9.014349E-02,0.000000E+00,2.556438E+03,0.000000E+00,9.024102E-02,0.000000E+00,1.791629E+03,0.000000E+00,6.324499E-02,0.000000E+00,2.551871E+03,0.000000E+00,9.007983E-02,0.000000E+00,1.763879E+03,0.000000E+00,6.227013E-02,0.000000E+00,1.005439E+03,0.000000E+00,3.549578E-02,0.000000E+00,1.759050E+03,0.000000E+00,6.209965E-02,0.000000E+00,1.763065E+03,0.000000E+00,6.224139E-02,0.000000E+00,1.003985E+03,0.000000E+00,3.544442E-02,0.000000E+00,1.756885E+03,0.000000E+00,6.202321E-02,0.000000E+00,2.604887E+03,0.000000E+00,9.195124E-02,0.000000E+00,2.607879E+03,0.000000E+00,9.205688E-02,0.000000E+00,2.613787E+03,0.000000E+00,9.226540E-02,0.000000E+00,1.849406E+03,0.000000E+00,6.528452E-02,0.000000E+00,1.851897E+03,0.000000E+00,6.537246E-02,0.000000E+00,2.611752E+03,0.000000E+00,9.219360E-02,0.000000E+00
08:00:00,2.554914E+03,0.000000E+00,9.018728E-02,0.000000E+00,1.791043E+03,0.000000E+00,6.322431E-02,0.000000E+00,2.551855E+03,0.000000E+00,9.007929E-02,0.000000E+00,2.554617E+03,0.000000E+00,9.017679E-02,0.000000E+00,1.790010E+03,0.000000E+00,6.318786E-02,0.000000E+00,2.550051E+03,0.000000E+00,9.001563E-02,0.000000E+00,1.762431E+03,0.000000E+00,6.221905E-02,0.000000E+00,1.004379E+03,0.000000E+00,3.545837E-02,0.000000E+00,1.757603E+03,0.000000E+00,6.204860E-02,0.000000E+00,1.761617E+03,0.000000E+00,6.219029E-02,0.000000E+00,1.002925E+03,0.000000E+00,3.540702E-02,0.000000E+00,1.755438E+03,0.000000E+00,6.197217E-02,0.000000E+00,2.603030E+03,0.000000E+00,9.188576E-02,0.000000E+00,2.606023E+03,0.000000E+00,9.199140E-02,0.000000E+00,2.611930E+03,0.000000E+00,9.219991E-02,0.000000E+00,1.847774E+03,0.000000E+00,6.522692E-02,0.000000E+00,1.850265E+03,0.000000E+00,6.531485E-02,0.000000E+00,2.609895E+03,0.000000E+00,9.212809E-02,0.000000E+00
08:15:00,2.573731E+03,0.000000E+00,9.085153E-02,0.000000E+00,1.809670E+03,0.000000E+00,6.388190E-02,0.000000E+00,2.570672E+03,0.000000E+00,9.074355E-02,0.000000E+00,2.573434E+03,0.000000E+00,9.084106E-02,0.000000E+00,1.808638E+03,0.000000E+00,6.384546E-02,0.000000E+00,2.568868E+03,0.000000E+00,9.067989E-02,0.000000E+00,1.780616E+03,0.000000E+00,6.286107E-02,0.000000E+00,1.022525E+03,0.000000E+00,3.609900E-02,0.000000E+00,1.775789E+03,0.000000E+00,6.269065E-02,0.000000E+00,1.779802E+03,0.000000E+00,6.283233E-02,0.000000E+00,1.021071E+03,0.000000E+00,3.604767E-02,0.000000E+00,1.773624E+03,0.000000E+00,6.261423E-02,0.000000E+00,2.620353E+03,0.000000E+00,9.249729E-02,0.000000E+00,2.623346E+03,0.000000E+00,9.260292E-02,0.000000E+00,2.629252E+03,0.000000E+00,9.281141E-02,0.000000E+00,1.865016E+03,0.000000E+00,6.583562E-02,0.000000E+00,1.867507E+03,0.000000E+00,6.592353E-02,0.000000E+00,2.627218E+03,0.000000E+00,9.273960E-02,0.000000E+00
08:30:00,2.595507E+03,0.000000E+00,9.162018E-02,0.000000E+00,1.831022E+03,0.000000E+00,6.463555E-02,0.000000E+00,2.592449E+03,0.000000E+00,9.151221E-02,0.000000E+00,2.595211E+03,0.000000E+00,9.160973E-02,0.000000E+00,1.829990E+03,0.000000E+00,6.459913E-02,0.000000E+00,2.590646E+03,0.000000E+00,9.144856E-02,0.000000E+00,1.801275E+03,0.000000E+00,6.359040E-02,0.000000E+00,1.042866E+03,0.000000E+00,3.681711E-02,0.000000E+00,1.796448E+03,0.000000E+00,6.341999E-02,0.000000E+00,1.800462E+03,0.000000E+00,6.356169E-02,0.000000E+00,1.041412E+03,0.000000E+00,3.676580E-02,0.000000E+00,1.794284E+03,0.000000E+00,6.334359E-02,0.000000E+00,2.640391E+03,0.000000E+00,9.320454E-02,0.000000E+00,2.643382E+03,0.000000E+00,9.331015E-02,0.000000E+00,2.649289E+03,0.000000E+00,9.351865E-02,0.000000E+00,1.884749E+03,0.000000E+00,6.653214E-02,0.000000E+00,1.887239E+03,0.000000E+00,6.662004E-02,0.000000E+00,2.647255E+03,0.000000E+00,9.344686E-02,0.000000E+00
08:45:00,2.618815E+03,0.000000E+00,9.244280E-02,0.000000E+00,1.853823E+03,0.000000E+00,6.544036E-02,0.000000E+00,2.615756E+03,0.000000E+00,9.233481E-02,0.000000E+00,2.618519E+03,0.000000E+00,9.243237E-02,0.000000E+00,1.852792E+03,0.000000E+00,6.540395E-02,0.000000E+00,2.613953E+03,0.000000E+00,9.227117E-02,0.000000E+00,1.823344E+03,0.000000E+00,6.436946E-02,0.000000E+00,1.064502E+03,0.000000E+00,3.758095E-02,0.000000E+00,1.818516E+03,0.000000E+00,6.419903E-02,0.000000E+00,1.822531E+03,0.000000E+00,6.434077E-02,0.000000E+00,1.063049E+03,0.000000E+00,3.752965E-02,0.000000E+00,1.816352E+03,0.000000E+00,6.412264E-02,0.000000E+00,2.662259E+03,0.000000E+00,9.397638E-02,0.000000E+00,2.665251E+03,0.000000E+00,9.408199E-02,0.000000E+00,2.671158E+03,0.000000E+00,9.429051E-02,0.000000E+00,1.906198E+03,0.000000E+00,6.728921E-02,0.000000E+00,1.908688E+03,0.000000E+00,6.737710E-02,0.000000E+00,2.669125E+03,0.000000E+00,9.421874E-02,0.000000E+00
09:00:00,2.643318E+03,0.000000E+00,9.330754E-02,0.000000E+00,1.877804E+03,0.000000E+00,6.628674E-02,0.000000E+00,2.640258E+03,0.000000E+00,9.319954E-02,0.000000E+00,2.643023E+03,0.000000E+00,9.329713E-02,0.000000E+00,1.876772E+03,0.000000E+00,6.625034E-02,0.000000E+00,2.638455E+03,0.000000E+00,9.313590E-02,0.000000E+00,1.846561E+03,0.000000E+00,6.518905E-02,0.000000E+00,1.087229E+03,0.000000E+00,3.838327E-02,0.000000E+00,1.841733E+03,0.000000E+00,6.501858E-02,0.000000E+00,1.845749E+03,0.000000E+00,6.516037E-02,0.000000E+00,1.085776E+03,0.000000E+00,3.833199E-02,0.000000E+00,1.839569E+03,0.000000E+00,6.494220E-02,0.000000E+00,2.685570E+03,0.000000E+00,9.479906E-02,0.000000E+00,2.688562E+03,0.000000E+00,9.490467E-02,0.000000E+00,2.694470E+03,0.000000E+00,9.511323E-02,0.000000E+00,1.929040E+03,0.000000E+00,6.809541E-02,0.000000E+00,1.931530E+03,0.000000E+00,6.818331E-02,0.000000E+00,2.692437E+03,0.000000E+00,9.504146E-02,0.000000E+00
09:15:00,2.653548E+03,0.000000E+00,9.366840E-02,0.000000E+00,1.887634E+03,0.000000E+00,6.663358E-02,0.000000E+00,2.650488E+03,0.000000E+00,9.356039E-02,0.000000E+00,2.653253E+03,0.000000E+00,9.365801E-02,0.000000E+00,1.886603E+03,0.000000E+00,6.659718E-02,0.000000E+00,2.648685E+03,0.000000E+00,9.349675E-02,0.000000E+00,1.855796E+03,0.000000E+00,6.551494E-02,0.000000E+00,1.096064E+03,0.000000E+00,3.869513E-02,0.000000E+00,1.850966E+03,0.000000E+00,6.534444E-02,0.000000E+00,1.854984E+03,0.000000E+00,6.548628E-02,0.000000E+00,1.094611E+03,0.000000E+00,3.864385E-02,0.000000E+00,1.848803E+03,0.000000E+00,6.526805E-02,0.000000E+00,2.695319E+03,0.000000E+00,9.514291E-02,0.000000E+00,2.698311E+03,0.000000E+00,9.524853E-02,0.000000E+00,2.704220E+03,0.000000E+00,9.545712E-02,0.000000E+00,1.938381E+03,0.000000E+00,6.842499E-02,0.000000E+00,1.940872E+03,0.000000E+00,6.851290E-02,0.000000E+00,2.702187E+03,0.000000E+00,9.538535E-02,0.000000E+00
09:30:00,2.663637E+03,0.000000E+00,9.402428E-02,0.000000E+00,1.897400E+03,0.000000E+00,6.697818E-02,0.000000E+00,2.660576E+03,0.000000E+00,9.391625E-02,0.000000E+00,2.663342E+03,0.000000E+00,9.401390E-02,0.000000E+00,1.896369E+03,0.000000E+00,6.694178E-02,0.000000E+00,2.658773E+03,0.000000E+00,9.385260E-02,0.000000E+00,1.865038E+03,0.000000E+00,6.584106E-02,0.000000E+00,1.104965E+03,0.000000E+00,3.900933E-02,0.000000E+00,1.860207E+03,0.000000E+00,6.567053E-02,0.000000E+00,1.864226E+03,0.000000E+00,6.581240E-02,0.000000E+00,1.103512E+03,0.000000E+00,3.895804E-02,0.000000E+00,1.858043E+03,0.000000E+00,6.559413E-02,0.000000E+00,2.705170E+03,0.000000E+00,9.549038E-02,0.000000E+00,2.708162E+03,0.000000E+00,9.559602E-02,0.000000E+00,2.714072E+03,0.000000E+00,9.580465E-02,0.000000E+00,1.947880E+03,0.000000E+00,6.876012E-02,0.000000E+00,1.950371E+03,0.000000E+00,6.884805E-02,0.000000E+00,2.712039E+03,0.000000E+00,9.573288E-02,0.000000E+00
09:45:00,2.673947E+03,0.000000E+00,9.438798E-02,0.000000E+00,1.907430E+03,0.000000E+00,6.733208E-02,0.000000E+00,2.670886E+03,0.000000E+00,9.427993E-02,0.000000E+00,2.673653E+03,0.000000E+00,9.437761E-02,0.000000E+00,1.906399E+03,0.000000E+00,6.729569E-02,0.000000E+00,2.669083E+03,0.000000E+00,9.421629E-02,0.000000E+00,1.874549E+03,0.000000E+00,6.617668E-02,0.000000E+00,1.114153E+03,0.000000E+00,3.933365E-02,0.000000E+00,1.869718E+03,0.000000E+00,6.600612E-02,0.000000E+00,1.873737E+03,0.000000E+00,6.614803E-02,0.000000E+00,1.112700E+03,0.000000E+00,3.928236E-02,0.000000E+00,1.867553E+03,0.000000E+00,6.592972E-02,0.000000E+00,2.715262E+03,0.000000E+00,9.584638E-02,0.000000E+00,2.718255E+03,0.000000E+00,9.595202E-02,0.000000E+00,2.724166E+03,0.000000E+00,9.616069E-02,0.000000E+00,1.957660E+03,0.000000E+00,6.910519E-02,0.000000E+00,1.960151E+03,0.000000E+00,6.919312E-02,0.000000E+00,2.722133E+03,0.000000E+00,9.608891E-02,0.000000E+00
10:00:00,2.684509E+03,0.000000E+00,9.476060E-02,0.000000E+00,1.917734E+03,0.000000E+00,6.769567E-02,0.000000E+00,2.681448E+03,0.000000E+00,9.465254E-02,0.000000E+00,2.684215E+03,0.000000E+00,9.475023E-02,0.000000E+00,1.916703E+03,0.000000E+00,6.765927E-02,0.000000E+00,2.679645E+03,0.000000E+00,9.458889E-02,0.000000E+00,1.884344E+03,0.000000E+00,6.652232E-02,0.000000E+00,1.123631E+03,0.000000E+00,3.966817E-02,0.000000E+00,1.879512E+03,0.000000E+00,6.635173E-02,0.000000E+00,1.883533E+03,0.000000E+00,6.649368E-02,0.000000E+00,1.122178E+03,0.000000E+00,3.961688E-02,0.000000E+00,1.877347E+03,0.000000E+00,6.627533E-02,0.000000E+00,2.725617E+03,0.000000E+00,9.621169E-02,0.000000E+00,2.728610E+03,0.000000E+00,9.631733E-02,0.000000E+00,2.734522E+03,0.000000E+00,9.652602E-02,0.000000E+00,1.967724E+03,0.000000E+00,6.946032E-02,0.000000E+00,1.970216E+03,0.000000E+00,6.954827E-02,0.000000E+00,2.732489E+03,0.000000E+00,9.645425E-02,0.000000E+00
10:15:00,2.686760E+03,0.000000E+00,9.483984E-02,0.000000E+00,1.919855E+03,0.000000E+00,6.777038E-02,0.000000E+00,2.683698E+03,0.000000E+00,9.473177E-02,0.000000E+00,2.686466E+03,0.000000E+00,9.482948E-02,0.000000E+00,1.918824E+03,0.000000E+00,6.773398E-02,0.000000E+00,2.681895E+03,0.000000E+00,9.466812E-02,0.000000E+00,1.886148E+03,0.000000E+00,6.658586E-02,0.000000E+00,1.125241E+03,0.000000E+00,3.972496E-02,0.000000E+00,1.881315E+03,0.000000E+00,6.641525E-02,0.000000E+00,1.885336E+03,0.000000E+00,6.655722E-02,0.000000E+00,1.123788E+03,0.000000E+00,3.967366E-02,0.000000E+00,1.879150E+03,0.000000E+00,6.633884E-02,0.000000E+00,2.728073E+03,0.000000E+00,9.629817E-02,0.000000E+00,2.731066E+03,0.000000E+00,9.640383E-02,0.000000E+00,2.736979E+03,0.000000E+00,9.661253E-02,0.000000E+00,1.969994E+03,0.000000E+00,6.954029E-02,0.000000E+00,1.972486E+03,0.000000E+00,6.962825E-02,0.000000E+00,2.734946E+03,0.000000E+00,9.654076E-02,0.000000E+00
10:30:00,2.688379E+03,0.000000E+00,9.489685E-02,0.000000E+00,1.921425E+03,0.000000E+00,6.782571E-02,0.000000E+00,2.685317E+03,0.000000E+00,9.478878E-02,0.000000E+00,2.688086E+03,0.000000E+00,9.488649E-02,0.000000E+00,1.920394E+03,0.000000E+00,6.778931E-02,0.000000E+00,2.683514E+03,0.000000E+00,9.472512E-02,0.000000E+00,1.887507E+03,0.000000E+00,6.663371E-02,0.000000E+00,1.126488E+03,0.000000E+00,3.976893E-02,0.000000E+00,1.882673E+03,0.000000E+00,6.646308E-02,0.000000E+00,1.886695E+03,0.000000E+00,6.660507E-02,0.000000E+00,1.125035E+03,0.000000E+00,3.971762E-02,0.000000E+00,1.880509E+03,0.000000E+00,6.638667E-02,0.000000E+00,2.729988E+03,0.000000E+00,9.636560E-02,0.000000E+00,2.732981E+03,0.000000E+00,9.647126E-02,0.000000E+00,2.738894E+03,0.000000E+00,9.667998E-02,0.000000E+00,1.971802E+03,0.000000E+00,6.960400E-02,0.000000E+00,1.974294E+03,0.000000E+00,6.969196E-02,0.000000E+00,2.736861E+03,0.000000E+00,9.660821E-02,0.000000E+00
10:45:00,2.689705E+03,0.000000E+00,9.494352E-02,0.000000E+00,1.922735E+03,0.000000E+00,6.787186E-02,0.000000E+00,2.686643E+03,0.000000E+00,9.483544E-02,0.000000E+00,2.689411E+03,0.000000E+00,9.493316E-02,0.000000E+00,1.921703E+03,0.000000E+00,6.783546E-02,0.000000E+00,2.684839E+03,0.000000E+00,9.477179E-02,0.000000E+00,1.888653E+03,0.000000E+00,6.667407E-02,0.000000E+00,1.127558E+03,0.000000E+00,3.980663E-02,0.000000E+00,1.883819E+03,0.000000E+00,6.650343E-02,0.000000E+00,1.887842E+03,0.000000E+00,6.664543E-02,0.000000E+00,1.126104E+03,0.000000E+00,3.975531E-02,0.000000E+00,1.881655E+03,0.000000E+00,6.642702E-02,0.000000E+00,2.731549E+03,0.000000E+00,9.642057E-02,0.000000E+00,2.734542E+03,0.000000E+00,9.652624E-02,0.000000E+00,2.740455E+03,0.000000E+00,9.673497E-02,0.000000E+00,1.973303E+03,0.000000E+00,6.965689E-02,0.000000E+00,1.975795E+03,0.000000E+00,6.974486E-02,0.000000E+00,2.738422E+03,0.000000E+00,9.666319E-02,0.000000E+00
11:00:00,2.690810E+03,0.000000E+00,9.498244E-02,0.000000E+00,1.923839E+03,0.000000E+00,6.791076E-02,0.000000E+00,2.687748E+03,0.000000E+00,9.487436E-02,0.000000E+00,2.690516E+03,0.000000E+00,9.497208E-02,0.000000E+00,1.922808E+03,0.000000E+00,6.787436E-02,0.000000E+00,2.685945E+03,0.000000E+00,9.481070E-02,0.000000E+00,1.889644E+03,0.000000E+00,6.670896E-02,0.000000E+00,1.128493E+03,0.000000E+00,3.983958E-02,0.000000E+00,1.884810E+03,0.000000E+00,6.653832E-02,0.000000E+00,1.888833E+03,0.000000E+00,6.668032E-02,0.000000E+00,1.127039E+03,0.000000E+00,3.978826E-02,0.000000E+00,1.882645E+03,0.000000E+00,6.646190E-02,0.000000E+00,2.732834E+03,0.000000E+00,9.646585E-02,0.000000E+00,2.735828E+03,0.000000E+00,9.657152E-02,0.000000E+00,2.741741E+03,0.000000E+00,9.678025E-02,0.000000E+00,1.974556E+03,0.000000E+00,6.970104E-02,0.000000E+00,1.977048E+03,0.000000E+00,6.978902E-02,0.000000E+00,2.739708E+03,0.000000E+00,9.670847E-02,0.000000E+00
11:15:00,2.691694E+03,0.000000E+00,9.501359E-02,0.000000E+00,1.924738E+03,0.000000E+00,6.794243E-02,0.000000E+00,2.688633E+03,0.000000E+00,9.490551E-02,0.000000E+00,2.691401E+03,0.000000E+00,9.500323E-02,0.000000E+00,1.923706E+03,0.000000E+00,6.790603E-02,0.000000E+00,2.686829E+03,0.000000E+00,9.484186E-02,0.000000E+00,1.890475E+03,0.000000E+00,6.673820E-02,0.000000E+00,1.129289E+03,0.000000E+00,3.986765E-02,0.000000E+00,1.885641E+03,0.000000E+00,6.656755E-02,0.000000E+00,1.889663E+03,0.000000E+00,6.670956E-02,0.000000E+00,1.127836E+03,0.000000E+00,3.981633E-02,0.000000E+00,1.883476E+03,0.000000E+00,6.649113E-02,0.000000E+00,2.733875E+03,0.000000E+00,9.650250E-02,0.000000E+00,2.736868E+03,0.000000E+00,9.660817E-02,0.000000E+00,2.742782E+03,0.000000E+00,9.681691E-02,0.000000E+00,1.975587E+03,0.000000E+00,6.973740E-02,0.000000E+00,1.978079E+03,0.000000E+00,6.982537E-02,0.000000E+00,2.740748E+03,0.000000E+00,9.674513E-02,0.000000E+00
11:30:00,2.692389E+03,0.000000E+00,9.503806E-02,0.000000E+00,1.925455E+03,0.000000E+00,6.796772E-02,0.000000E+00,2.689328E+03,0.000000E+00,9.492999E-02,0.000000E+00,2.692096E+03,0.000000E+00,9.502770E-02,0.000000E+00,1.924424E+03,0.000000E+00,6.793132E-02,0.000000E+00,2.687524E+03,0.000000E+00,9.486633E-02,0.000000E+00,1.891158E+03,0.000000E+00,6.676226E-02,0.000000E+00,1.129954E+03,0.000000E+00,3.989108E-02,0.000000E+00,1.886324E+03,0.000000E+00,6.659161E-02,0.000000E+00,1.890347E+03,0.000000E+00,6.673362E-02,0.000000E+00,1.128500E+03,0.000000E+00,3.983976E-02,0.000000E+00,1.884159E+03,0.000000E+00,6.651518E-02,0.000000E+00,2.734697E+03,0.000000E+00,9.653148E-02,0.000000E+00,2.737691E+03,0.000000E+00,9.663715E-02,0.000000E+00,2.743604E+03,0.000000E+00,9.684588E-02,0.000000E+00,1.976416E+03,0.000000E+00,6.976661E-02,0.000000E+00,1.978909E+03,0.000000E+00,6.985459E-02,0.000000E+00,2.741571E+03,0.000000E+00,9.677410E-02,0.000000E+00
11:45:00,2.692996E+03,0.000000E+00,9.505945E-02,0.000000E+00,1.926091E+03,0.000000E+00,6.799011E-02,0.000000E+00,2.689935E+03,0.000000E+00,9.495138E-02,0.000000E+00,2.692703E+03,0.000000E+00,9.504909E-02,0.000000E+00,1.925060E+03,0.000000E+00,6.795371E-02,0.000000E+00,2.688131E+03,0.000000E+00,9.488772E-02,0.000000E+00,1.891776E+03,0.000000E+00,6.678402E-02,0.000000E+00,1.130563E+03,0.000000E+00,3.991252E-02,0.000000E+00,1.886942E+03,0.000000E+00,6.661337E-02,0.000000E+00,1.890965E+03,0.000000E+00,6.675538E-02,0.000000E+00,1.129109E+03,0.000000E+00,3.986120E-02,0.000000E+00,1.884777E+03,0.000000E+00,6.653694E-02,0.000000E+00,2.735399E+03,0.000000E+00,9.655620E-02,0.000000E+00,2.738392E+03,0.000000E+00,9.666187E-02,0.000000E+00,2.744306E+03,0.000000E+00,9.687060E-02,0.000000E+00,1.977134E+03,0.000000E+00,6.979191E-02,0.000000E+00,1.979626E+03,0.000000E+00,6.987989E-02,0.000000E+00,2.742272E+03,0.000000E+00,9.679882E-02,0.000000E+00
12:00:00,2.693534E+03,0.000000E+00,9.507842E-02,0.000000E+00,1.926660E+03,0.000000E+00,6.801019E-02,0.000000E+00,2.690473E+03,0.000000E+00,9.497035E-02,0.000000E+00,2.693241E+03,0.000000E+00,9.506806E-02,0.000000E+00,1.925629E+03,0.000000E+00,6.797379E-02,0.000000E+00,2.688669E+03,0.000000E+00,9.490669E-02,0.000000E+00,1.892339E+03,0.000000E+00,6.680387E-02,0.000000E+00,1.131123E+03,0.000000E+00,3.993228E-02,0.000000E+00,1.887505E+03,0.000000E+00,6.663322E-02,0.000000E+00,1.891528E+03,0.000000E+00,6.677523E-02,0.000000E+00,1.129670E+03,0.000000E+00,3.988096E-02,0.000000E+00,1.885340E+03,0.000000E+00,6.655679E-02,0.000000E+00,2.736009E+03,0.000000E+00,9.657773E-02,0.000000E+00,2.739003E+03,0.000000E+00,9.668340E-02,0.000000E+00,2.744916E+03,0.000000E+00,9.689213E-02,0.000000E+00,1.977766E+03,0.000000E+00,6.981422E-02,0.000000E+00,1.980259E+03,0.000000E+00,6.990219E-02,0.000000E+00,2.742882E+03,0.000000E+00,9.682035E-02,0.000000E+00
12:15:00,2.694082E+03,0.000000E+00,9.509773E-02,0.000000E+00,1.927234E+03,0.000000E+00,6.803044E-02,0.000000E+00,2.691020E+03,0.000000E+00,9.498966E-02,0.000000E+00,2.693788E+03,0.000000E+00,9.508738E-02,0.000000E+00,1.926203E+03,0.000000E+00,6.799404E-02,0.000000E+00,2.689217E+03,0.000000E+00,9.492601E-02,0.000000E+00,1.892915E+03,0.000000E+00,6.682418E-02,0.000000E+00,1.131696E+03,0.000000E+00,3.995246E-02,0.000000E+00,1.888081E+03,0.000000E+00,6.665352E-02,0.000000E+00,1.892104E+03,0.000000E+00,6.679554E-02,0.000000E+00,1.130242E+03,0.000000E+00,3.990114E-02,0.000000E+00,1.885916E+03,0.000000E+00,6.657710E-02,0.000000E+00,2.736602E+03,0.000000E+00,9.659867E-02,0.000000E+00,2.739596E+03,0.000000E+00,9.670434E-02,0.000000E+00,2.745509E+03,0.000000E+00,9.691306E-02,0.000000E+00,1.978381E+03,0.000000E+00,6.983588E-02,0.000000E+00,1.980873E+03,0.000000E+00,6.992386E-02,0.000000E+00,2.743476E+03,0.000000E+00,9.684128E-02,0.000000E+00
12:30:00,2.694621E+03,0.000000E+00,9.511678E-02,0.000000E+00,1.927796E+03,0.000000E+00,6.805025E-02,0.000000E+00,2.691560E+03,0.000000E+00,9.500871E-02,0.000000E+00,2.694328E+03,0.000000E+00,9.510642E-02,0.000000E+00,1.926765E+03,0.000000E+00,6.801386E-02,0.000000E+00,2.689756E+03,0.000000E+00,9.494506E-02,0.000000E+00,1.893484E+03,0.000000E+00,6.684422E-02,0.000000E+00,1.132260E+03,0.000000E+00,3.997236E-02,0.000000E+00,1.888650E+03,0.000000E+00,6.667357E-02,0.000000E+00,1.892672E+03,0.000000E+00,6.681558E-02,0.000000E+00,1.130806E+03,0.000000E+00,3.992104E-02,0.000000E+00,1.886485E+03,0.000000E+00,6.659714E-02,0.000000E+00,2.737171E+03,0.000000E+00,9.661873E-02,0.000000E+00,2.740164E+03,0.000000E+00,9.672440E-02,0.000000E+00,2.746077E+03,0.000000E+00,9.693311E-02,0.000000E+00,1.978968E+03,0.000000E+00,6.985662E-02,0.000000E+00,1.981461E+03,0.000000E+00,6.994460E-02,0.000000E+00,2.744044E+03,0.000000E+00,9.686134E-02,0.000000E+00
12:45:00,2.695141E+03,0.000000E+00,9.513514E-02,0.000000E+00,1.928335E+03,0.000000E+00,6.806930E-02,0.000000E+00,2.692080E+03,0.000000E+00,9.502708E-02,0.000000E+00,2.694848E+03,0.000000E+00,9.512479E-02,0.000000E+00,1.927304E+03,0.000000E+00,6.803291E-02,0.000000E+00,2.690277E+03,0.000000E+00,9.496343E-02,0.000000E+00,1.894033E+03,0.000000E+00,6.686362E-02,0.000000E+00,1.132807E+03,0.000000E+00,3.999167E-02,0.000000E+00,1.889200E+03,0.000000E+00,6.669297E-02,0.000000E+00,1.893222E+03,0.000000E+00,6.683498E-02,0.000000E+00,1.131354E+03,0.000000E+00,3.994035E-02,0.000000E+00,1.887035E+03,0.000000E+00,6.661655E-02,0.000000E+00,2.737712E+03,0.000000E+00,9.663784E-02,0.000000E+00,2.740705E+03,0.000000E+00,9.674351E-02,0.000000E+00,2.746618E+03,0.000000E+00,9.695222E-02,0.000000E+00,1.979528E+03,0.000000E+00,6.987637E-02,0.000000E+00,1.982020E+03,0.000000E+00,6.996434E-02,0.000000E+00,2.744585E+03,0.000000E+00,9.688044E-02,0.000000E+00
13:00:00,2.695640E+03,0.000000E+00,9.515275E-02,0.000000E+00,1.928852E+03,0.000000E+00,6.808752E-02,0.000000E+00,2.692578E+03,0.000000E+00,9.504469E-02,0.000000E+00,2.695346E+03,0.000000E+00,9.514239E-02,0.000000E+00,1.927821E+03,0.000000E+00,6.805113E-02,0.000000E+00,2.690775E+03,0.000000E+00,9.498104E-02,0.000000E+00,1.894562E+03,0.000000E+00,6.688228E-02,0.000000E+00,1.133335E+03,0.000000E+00,4.001030E-02,0.000000E+00,1.889728E+03,0.000000E+00,6.671164E-02,0.000000E+00,1.893751E+03,0.000000E+00,6.685365E-02,0.000000E+00,1.131882E+03,0.000000E+00,3.995897E-02,0.000000E+00,1.887564E+03,0.000000E+00,6.663521E-02,0.000000E+00,2.738227E+03,0.000000E+00,9.665604E-02,0.000000E+00,2.741220E+03,0.000000E+00,9.676170E-02,0.000000E+00,2.747133E+03,0.000000E+00,9.697040E-02,0.000000E+00,1.980061E+03,0.000000E+00,6.989518E-02,0.000000E+00,1.982553E+03,0.000000E+00,6.998315E-02,0.000000E+00,2.745100E+03,0.000000E+00,9.689863E-02,0.000000E+00
13:15:00,2.696116E+03,0.000000E+00,9.516958E-02,0.000000E+00,1.929339E+03,0.000000E+00,6.810474E-02,0.000000E+00,2.693055E+03,0.000000E+00,9.506152E-02,0.000000E+00,2.695823E+03,0.000000E+00,9.515922E-02,0.000000E+00,1.928308E+03,0.000000E+00,6.806835E-02,0.000000E+00,2.691252E+03,0.000000E+00,9.499787E-02,0.000000E+00,1.895062E+03,0.000000E+00,6.689991E-02,0.000000E+00,1.133830E+03,0.000000E+00,4.002774E-02,0.000000E+00,1.890228E+03,0.000000E+00,6.672927E-02,0.000000E+00,1.894251E+03,0.000000E+00,6.687128E-02,0.000000E+00,1.132376E+03,0.000000E+00,3.997642E-02,0.000000E+00,1.888063E+03,0.000000E+00,6.665284E-02,0.000000E+00,2.738705E+03,0.000000E+00,9.667292E-02,0.000000E+00,2.741698E+03,0.000000E+00,9.677858E-02,0.000000E+00,2.747611E+03,0.000000E+00,9.698728E-02,0.000000E+00,1.980551E+03,0.000000E+00,6.991250E-02,0.000000E+00,1.983044E+03,0.000000E+00,7.000048E-02,0.000000E+00,2.745577E+03,0.000000E+00,9.691551E-02,0.000000E+00
13:30:00,2.696621E+03,0.000000E+00,9.518743E-02,0.000000E+00,1.929851E+03,0.000000E+00,6.812281E-02,0.000000E+00,2.693560E+03,0.000000E+00,9.507938E-02,0.000000E+00,2.696328E+03,0.000000E+00,9.517708E-02,0.000000E+00,1.928820E+03,0.000000E+00,6.808642E-02,0.000000E+00,2.691757E+03,0.000000E+00,9.501573E-02,0.000000E+00,1.895582E+03,0.000000E+00,6.691828E-02,0.000000E+00,1.134343E+03,0.000000E+00,4.004583E-02,0.000000E+00,1.890748E+03,0.000000E+00,6.674764E-02,0.000000E+00,1.894771E+03,0.000000E+00,6.688965E-02,0.000000E+00,1.132889E+03,0.000000E+00,3.999451E-02,0.000000E+00,1.888584E+03,0.000000E+00,6.667122E-02,0.000000E+00,2.739202E+03,0.000000E+00,9.669048E-02,0.000000E+00,2.742195E+03,0.000000E+00,9.679614E-02,0.000000E+00,2.748108E+03,0.000000E+00,9.700483E-02,0.000000E+00,1.981057E+03,0.000000E+00,6.993037E-02,0.000000E+00,1.983549E+03,0.000000E+00,7.001834E-02,0.000000E+00,2.746074E+03,0.000000E+00,9.693307E-02,0.000000E+00
13:45:00,2.697144E+03,0.000000E+00,9.520587E-02,0.000000E+00,1.930376E+03,0.000000E+00,6.814135E-02,0.000000E+00,2.694083E+03,0.000000E+00,9.509783E-02,0.000000E+00,2.696851E+03,0.000000E+00,9.519553E-02,0.000000E+00,1.929345E+03,0.000000E+00,6.810496E-02,0.000000E+00,2.692280E+03,0.000000E+00,9.503418E-02,0.000000E+00,1.896113E+03,0.000000E+00,6.693703E-02,0.000000E+00,1.134865E+03,0.000000E+00,4.006425E-02,0.000000E+00,1.891280E+03,0.000000E+00,6.676640E-02,0.000000E+00,1.895302E+03,0.000000E+00,6.690840E-02,0.000000E+00,1.133411E+03,0.000000E+00,4.001294E-02,0.000000E+00,1.889115E+03,0.000000E+00,6.668998E-02,0.000000E+00,2.739713E+03,0.000000E+00,9.670853E-02,0.000000E+00,2.742706E+03,0.000000E+00,9.681419E-02,0.000000E+00,2.748619E+03,0.000000E+00,9.702288E-02,0.000000E+00,1.981574E+03,0.000000E+00,6.994861E-02,0.000000E+00,1.984066E+03,0.000000E+00,7.003658E-02,0.000000E+00,2.746585E+03,0.000000E+00,9.695111E-02,0.000000E+00
14:00:00,2.697677E+03,0.000000E+00,9.522470E-02,0.000000E+00,1.930911E+03,0.000000E+00,6.816021E-02,0.000000E+00,2.694616E+03,0.000000E+00,9.511665E-02,0.000000E+00,2.697384E+03,0.000000E+00,9.521435E-02,0.000000E+00,1.929880E+03,0.000000E+00,6.812382E-02,0.000000E+00,2.692813E+03,0.000000E+00,9.505300E-02,0.000000E+00,1.896651E+03,0.000000E+00,6.695602E-02,0.000000E+00,1.135393E+03,0.000000E+00,4.008288E-02,0.000000E+00,1.891818E+03,0.000000E+00,6.678538E-02,0.000000E+00,1.895841E+03,0.000000E+00,6.692739E-02,0.000000E+00,1.133939E+03,0.000000E+00,4.003157E-02,0.000000E+00,1.889653E+03,0.000000E+00,6.670897E-02,0.000000E+00,2.740234E+03,0.000000E+00,9.672692E-02,0.000000E+00,2.743228E+03,0.000000E+00,9.683258E-02,0.000000E+00,2.749140E+03,0.000000E+00,9.704126E-02,0.000000E+00,1.982099E+03,0.000000E+00,6.996714E-02,0.000000E+00,1.984591E+03,0.000000E+00,7.005511E-02,0.000000E+00,2.747107E+03,0.000000E+00,9.696950E-02,0.000000E+00
14:15:00,2.698061E+03,0.000000E+00,9.523822E-02,0.000000E+00,1.931307E+03,0.000000E+00,6.817419E-02,0.000000E+00,2.695000E+03,0.000000E+00,9.513018E-02,0.000000E+00,2.697768E+03,0.000000E+00,9.522787E-02,0.000000E+00,1.930276E+03,0.000000E+00,6.813780E-02,0.000000E+00,2.693197E+03,0.000000E+00,9.506653E-02,0.000000E+00,1.897055E+03,0.000000E+00,6.697027E-02,0.000000E+00,1.135801E+03,0.000000E+00,4.009728E-02,0.000000E+00,1.892222E+03,0.000000E+00,6.679963E-02,0.000000E+00,1.896245E+03,0.000000E+00,6.694164E-02,0.000000E+00,1.134347E+03,0.000000E+00,4.004597E-02,0.000000E+00,1.890057E+03,0.000000E+00,6.672322E-02,0.000000E+00,2.740636E+03,0.000000E+00,9.674109E-02,0.000000E+00,2.743630E+03,0.000000E+00,9.684675E-02,0.000000E+00,2.749541E+03,0.000000E+00,9.705543E-02,0.000000E+00,1.982514E+03,0.000000E+00,6.998178E-02,0.000000E+00,1.985006E+03,0.000000E+00,7.006974E-02,0.000000E+00,2.747508E+03,0.000000E+00,9.698366E-02,0.000000E+00
14:30:00,2.698328E+03,0.000000E+00,9.524762E-02,0.000000E+00,1.931597E+03,0.000000E+00,6.818440E-02,0.000000E+00,2.695267E+03,0.000000E+00,9.513958E-02,0.000000E+00,2.698035E+03,0.000000E+00,9.523728E-02,0.000000E+00,1.930566E+03,0.000000E+00,6.814802E-02,0.000000E+00,2.693464E+03,0.000000E+00,9.507594E-02,0.000000E+00,1.897359E+03,0.000000E+00,6.698097E-02,0.000000E+00,1.136120E+03,0.000000E+00,4.010854E-02,0.000000E+00,1.892526E+03,0.000000E+00,6.681034E-02,0.000000E+00,1.896548E+03,0.000000E+00,6.695235E-02,0.000000E+00,1.134667E+03,0.000000E+00,4.005723E-02,0.000000E+00,1.890361E+03,0.000000E+00,6.673393E-02,0.000000E+00,2.740940E+03,0.000000E+00,9.675179E-02,0.000000E+00,2.743933E+03,0.000000E+00,9.685744E-02,0.000000E+00,2.749845E+03,0.000000E+00,9.706612E-02,0.000000E+00,1.982839E+03,0.000000E+00,6.999323E-02,0.000000E+00,1.985331E+03,0.000000E+00,7.008119E-02,0.000000E+00,2.747812E+03,0.000000E+00,9.699436E-02,0.000000E+00
14:45:00,2.698517E+03,0.000000E+00,9.525426E-02,0.000000E+00,1.931813E+03,0.000000E+00,6.819203E-02,0.000000E+00,2.695456E+03,0.000000E+00,9.514622E-02,0.000000E+00,2.698224E+03,0.000000E+00,9.524391E-02,0.000000E+00,1.930782E+03,0.000000E+00,6.815564E-02,0.000000E+00,2.693653E+03,0.000000E+00,9.508258E-02,0.000000E+00,1.897594E+03,0.000000E+00,6.698923E-02,0.000000E+00,1.136377E+03,0.000000E+00,4.011758E-02,0.000000E+00,1.892761E+03,0.000000E+00,6.681861E-02,0.000000E+00,1.896783E+03,0.000000E+00,6.696061E-02,0.000000E+00,1.134923E+03,0.000000E+00,4.006627E-02,0.000000E+00,1.890596E+03,0.000000E+00,6.674219E-02,0.000000E+00,2.741168E+03,0.000000E+00,9.675980E-02,0.000000E+00,2.744161E+03,0.000000E+00,9.686546E-02,0.000000E+00,2.750073E+03,0.000000E+00,9.707413E-02,0.000000E+00,1.983093E+03,0.000000E+00,7.000217E-02,0.000000E+00,1.985585E+03,0.000000E+00,7.009013E-02,0.000000E+00,2.748040E+03,0.000000E+00,9.700237E-02,0.000000E+00
15:00:00,2.698645E+03,0.000000E+00,9.525875E-02,0.000000E+00,1.931971E+03,0.000000E+00,6.819759E-02,0.000000E+00,2.695584E+03,0.000000E+00,9.515072E-02,0.000000E+00,2.698351E+03,0.000000E+00,9.524840E-02,0.000000E+00,1.930941E+03,0.000000E+00,6.816121E-02,0.000000E+00,2.693781E+03,0.000000E+00,9.508707E-02,0.000000E+00,1.897773E+03,0.000000E+00,6.699553E-02,0.000000E+00,1.136581E+03,0.000000E+00,4.012478E-02,0.000000E+00,1.892939E+03,0.000000E+00,6.682491E-02,0.000000E+00,1.896962E+03,0.000000E+00,6.696690E-02,0.000000E+00,1.135128E+03,0.000000E+00,4.007347E-02,0.000000E+00,1.890775E+03,0.000000E+00,6.674849E-02,0.000000E+00,2.741333E+03,0.000000E+00,9.676560E-02,0.000000E+00,2.744326E+03,0.000000E+00,9.687125E-02,0.000000E+00,2.750237E+03,0.000000E+00,9.707991E-02,0.000000E+00,1.983286E+03,0.000000E+00,7.000899E-02,0.000000E+00,1.985778E+03,0.000000E+00,7.009695E-02,0.000000E+00,2.748204E+03,0.000000E+00,9.700815E-02,0.000000E+00
15:15:00,2.696186E+03,0.000000E+00,9.517194E-02,0.000000E+00,1.929675E+03,0.000000E+00,6.811650E-02,0.000000E+00,2.693125E+03,0.000000E+00,9.506391E-02,0.000000E+00,2.695892E+03,0.000000E+00,9.516158E-02,0.000000E+00,1.928644E+03,0.000000E+00,6.808012E-02,0.000000E+00,2.691322E+03,0.000000E+00,9.500026E-02,0.000000E+00,1.895681E+03,0.000000E+00,6.692169E-02,0.000000E+00,1.134659E+03,0.000000E+00,4.005690E-02,0.000000E+00,1.890849E+03,0.000000E+00,6.675108E-02,0.000000E+00,1.894870E+03,0.000000E+00,6.689305E-02,0.000000E+00,1.133205E+03,0.000000E+00,4.000559E-02,0.000000E+00,1.888684E+03,0.000000E+00,6.667466E-02,0.000000E+00,2.739405E+03,0.000000E+00,9.669752E-02,0.000000E+00,2.742398E+03,0.000000E+00,9.680317E-02,0.000000E+00,2.748309E+03,0.000000E+00,9.701183E-02,0.000000E+00,1.981485E+03,0.000000E+00,6.994540E-02,0.000000E+00,1.983977E+03,0.000000E+00,7.003336E-02,0.000000E+00,2.746276E+03,0.000000E+00,9.694006E-02,0.000000E+00
15:30:00,2.692672E+03,0.000000E+00,9.504790E-02,0.000000E+00,1.926403E+03,0.000000E+00,6.800103E-02,0.000000E+00,2.689612E+03,0.000000E+00,9.493988E-02,0.000000E+00,2.692378E+03,0.000000E+00,9.503753E-02,0.000000E+00,1.925372E+03,0.000000E+00,6.796464E-02,0.000000E+00,2.687809E+03,0.000000E+00,9.487623E-02,0.000000E+00,1.892689E+03,0.000000E+00,6.681603E-02,0.000000E+00,1.131925E+03,0.000000E+00,3.996040E-02,0.000000E+00,1.887856E+03,0.000000E+00,6.664543E-02,0.000000E+00,1.891877E+03,0.000000E+00,6.678738E-02,0.000000E+00,1.130472E+03,0.000000E+00,3.990908E-02,0.000000E+00,1.885691E+03,0.000000E+00,6.656901E-02,0.000000E+00,2.736519E+03,0.000000E+00,9.659564E-02,0.000000E+00,2.739512E+03,0.000000E+00,9.670130E-02,0.000000E+00,2.745423E+03,0.000000E+00,9.690995E-02,0.000000E+00,1.978800E+03,0.000000E+00,6.985061E-02,0.000000E+00,1.981292E+03,0.000000E+00,6.993857E-02,0.000000E+00,2.743390E+03,0.000000E+00,9.683817E-02,0.000000E+00
15:45:00,2.688584E+03,0.000000E+00,9.490360E-02,0.000000E+00,1.922581E+03,0.000000E+00,6.786610E-02,0.000000E+00,2.685524E+03,0.000000E+00,9.479558E-02,0.000000E+00,2.688290E+03,0.000000E+00,9.489321E-02,0.000000E+00,1.921550E+03,0.000000E+00,6.782970E-02,0.000000E+00,2.683721E+03,0.000000E+00,9.473193E-02,0.000000E+00,1.889159E+03,0.000000E+00,6.669140E-02,0.000000E+00,1.128689E+03,0.000000E+00,3.984613E-02,0.000000E+00,1.884327E+03,0.000000E+00,6.652082E-02,0.000000E+00,1.888347E+03,0.000000E+00,6.666274E-02,0.000000E+00,1.127235E+03,0.000000E+00,3.979480E-02,0.000000E+00,1.882162E+03,0.000000E+00,6.644440E-02,0.000000E+00,2.732969E+03,0.000000E+00,9.647035E-02,0.000000E+00,2.735963E+03,0.000000E+00,9.657601E-02,0.000000E+00,2.741873E+03,0.000000E+00,9.678465E-02,0.000000E+00,1.975485E+03,0.000000E+00,6.973360E-02,0.000000E+00,1.977977E+03,0.000000E+00,6.982156E-02,0.000000E+00,2.739840E+03,0.000000E+00,9.671286E-02,0.000000E+00
16:00:00,2.684030E+03,0.000000E+00,9.474288E-02,0.000000E+00,1.918297E+03,0.000000E+00,6.771489E-02,0.000000E+00,2.680970E+03,0.000000E+00,9.463487E-02,0.000000E+00,2.683735E+03,0.000000E+00,9.473248E-02,0.000000E+00,1.917265E+03,0.000000E+00,6.767849E-02,0.000000E+00,2.679167E+03,0.000000E+00,9.457122E-02,0.000000E+00,1.885180E+03,0.000000E+00,6.655094E-02,0.000000E+00,1.125020E+03,0.000000E+00,3.971661E-02,0.000000E+00,1.880348E+03,0.000000E+00,6.638038E-02,0.000000E+00,1.884367E+03,0.000000E+00,6.652226E-02,0.000000E+00,1.123566E+03,0.000000E+00,3.966528E-02,0.000000E+00,1.878183E+03,0.000000E+00,6.630396E-02,0.000000E+00,2.728879E+03,0.000000E+00,9.632598E-02,0.000000E+00,2.731872E+03,0.000000E+00,9.643164E-02,0.000000E+00,2.737782E+03,0.000000E+00,9.664026E-02,0.000000E+00,1.971644E+03,0.000000E+00,6.959801E-02,0.000000E+00,1.974136E+03,0.000000E+00,6.968597E-02,0.000000E+00,2.735748E+03,0.000000E+00,9.656847E-02,0.000000E+00
16:15:00,2.671242E+03,0.000000E+00,9.429153E-02,0.000000E+00,1.906068E+03,0.000000E+00,6.728323E-02,0.000000E+00,2.668183E+03,0.000000E+00,9.418353E-02,0.000000E+00,2.670947E+03,0.000000E+00,9.428109E-02,0.000000E+00,1.905036E+03,0.000000E+00,6.724681E-02,0.000000E+00,2.666379E+03,0.000000E+00,9.411987E-02,0.000000E+00,1.873821E+03,0.000000E+00,6.614996E-02,0.000000E+00,1.114302E+03,0.000000E+00,3.933824E-02,0.000000E+00,1.868990E+03,0.000000E+00,6.597944E-02,0.000000E+00,1.873007E+03,0.000000E+00,6.612124E-02,0.000000E+00,1.112848E+03,0.000000E+00,3.928690E-02,0.000000E+00,1.866825E+03,0.000000E+00,6.590300E-02,0.000000E+00,2.717850E+03,0.000000E+00,9.593670E-02,0.000000E+00,2.720843E+03,0.000000E+00,9.604238E-02,0.000000E+00,2.726753E+03,0.000000E+00,9.625099E-02,0.000000E+00,1.961087E+03,0.000000E+00,6.922537E-02,0.000000E+00,1.963579E+03,0.000000E+00,6.931334E-02,0.000000E+00,2.724718E+03,0.000000E+00,9.617916E-02,0.000000E+00
16:30:00,2.655664E+03,0.000000E+00,9.374170E-02,0.000000E+00,1.891231E+03,0.000000E+00,6.675958E-02,0.000000E+00,2.652604E+03,0.000000E+00,9.363370E-02,0.000000E+00,2.655366E+03,0.000000E+00,9.373121E-02,0.000000E+00,1.890199E+03,0.000000E+00,6.672313E-02,0.000000E+00,2.650800E+03,0.000000E+00,9.357003E-02,0.000000E+00,1.860016E+03,0.000000E+00,6.566266E-02,0.000000E+00,1.101357E+03,0.000000E+00,3.888124E-02,0.000000E+00,1.855187E+03,0.000000E+00,6.549217E-02,0.000000E+00,1.859201E+03,0.000000E+00,6.563388E-02,0.000000E+00,1.099902E+03,0.000000E+00,3.882987E-02,0.000000E+00,1.853021E+03,0.000000E+00,6.541571E-02,0.000000E+00,2.704179E+03,0.000000E+00,9.545423E-02,0.000000E+00,2.707173E+03,0.000000E+00,9.555992E-02,0.000000E+00,2.713082E+03,0.000000E+00,9.576851E-02,0.000000E+00,1.948056E+03,0.000000E+00,6.876544E-02,0.000000E+00,1.950548E+03,0.000000E+00,6.885342E-02,0.000000E+00,2.711047E+03,0.000000E+00,9.569665E-02,0.000000E+00
16:45:00,2.638538E+03,0.000000E+00,9.313729E-02,0.000000E+00,1.874888E+03,0.000000E+00,6.618274E-02,0.000000E+00,2.635478E+03,0.000000E+00,9.302930E-02,0.000000E+00,2.638239E+03,0.000000E+00,9.312675E-02,0.000000E+00,1.873855E+03,0.000000E+00,6.614627E-02,0.000000E+00,2.633674E+03,0.000000E+00,9.296562E-02,0.000000E+00,1.844706E+03,0.000000E+00,6.512223E-02,0.000000E+00,1.086983E+03,0.000000E+00,3.837381E-02,0.000000E+00,1.839878E+03,0.000000E+00,6.495180E-02,0.000000E+00,1.843889E+03,0.000000E+00,6.509340E-02,0.000000E+00,1.085527E+03,0.000000E+00,3.832242E-02,0.000000E+00,1.837712E+03,0.000000E+00,6.487532E-02,0.000000E+00,2.688652E+03,0.000000E+00,9.490625E-02,0.000000E+00,2.691646E+03,0.000000E+00,9.501195E-02,0.000000E+00,2.697554E+03,0.000000E+00,9.522050E-02,0.000000E+00,1.933239E+03,0.000000E+00,6.824249E-02,0.000000E+00,1.935731E+03,0.000000E+00,6.833047E-02,0.000000E+00,2.695518E+03,0.000000E+00,9.514861E-02,0.000000E+00
17:00:00,2.620149E+03,0.000000E+00,9.248834E-02,0.000000E+00,1.857273E+03,0.000000E+00,6.556105E-02,0.000000E+00,2.617090E+03,0.000000E+00,9.238037E-02,0.000000E+00,2.619849E+03,0.000000E+00,9.247775E-02,0.000000E+00,1.856239E+03,0.000000E+00,6.552456E-02,0.000000E+00,2.615285E+03,0.000000E+00,9.231667E-02,0.000000E+00,1.828137E+03,0.000000E+00,6.453737E-02,0.000000E+00,1.071381E+03,0.000000E+00,3.782307E-02,0.000000E+00,1.823310E+03,0.000000E+00,6.436700E-02,0.000000E+00,1.827318E+03,0.000000E+00,6.450848E-02,0.000000E+00,1.069925E+03,0.000000E+00,3.777167E-02,0.000000E+00,1.821144E+03,0.000000E+00,6.429051E-02,0.000000E+00,2.671625E+03,0.000000E+00,9.430537E-02,0.000000E+00,2.674619E+03,0.000000E+00,9.441107E-02,0.000000E+00,2.680527E+03,0.000000E+00,9.461959E-02,0.000000E+00,1.916943E+03,0.000000E+00,6.766737E-02,0.000000E+00,1.919435E+03,0.000000E+00,6.775535E-02,0.000000E+00,2.678489E+03,0.000000E+00,9.454767E-02,0.000000E+00
17:15:00,2.592181E+03,0.000000E+00,9.150127E-02,0.000000E+00,1.830234E+03,0.000000E+00,6.460672E-02,0.000000E+00,2.589123E+03,0.000000E+00,9.139334E-02,0.000000E+00,2.591879E+03,0.000000E+00,9.149065E-02,0.000000E+00,1.829200E+03,0.000000E+00,6.457023E-02,0.000000E+00,2.587319E+03,0.000000E+00,9.132966E-02,0.000000E+00,1.802197E+03,0.000000E+00,6.362176E-02,0.000000E+00,1.046615E+03,0.000000E+00,3.694876E-02,0.000000E+00,1.797374E+03,0.000000E+00,6.345148E-02,0.000000E+00,1.801378E+03,0.000000E+00,6.359282E-02,0.000000E+00,1.045159E+03,0.000000E+00,3.689737E-02,0.000000E+00,1.795208E+03,0.000000E+00,6.337500E-02,0.000000E+00,2.645208E+03,0.000000E+00,9.337307E-02,0.000000E+00,2.648202E+03,0.000000E+00,9.347877E-02,0.000000E+00,2.654108E+03,0.000000E+00,9.368722E-02,0.000000E+00,1.891406E+03,0.000000E+00,6.676604E-02,0.000000E+00,1.893898E+03,0.000000E+00,6.685400E-02,0.000000E+00,2.652070E+03,0.000000E+00,9.361528E-02,0.000000E+00
17:30:00,2.562626E+03,0.000000E+00,9.045826E-02,0.000000E+00,1.801586E+03,0.000000E+00,6.359562E-02,0.000000E+00,2.559569E+03,0.000000E+00,9.035036E-02,0.000000E+00,2.562323E+03,0.000000E+00,9.044758E-02,0.000000E+00,1.800552E+03,0.000000E+00,6.355911E-02,0.000000E+00,2.557765E+03,0.000000E+00,9.028667E-02,0.000000E+00,1.774755E+03,0.000000E+00,6.265308E-02,0.000000E+00,1.020370E+03,0.000000E+00,3.602230E-02,0.000000E+00,1.769934E+03,0.000000E+00,6.248290E-02,0.000000E+00,1.773933E+03,0.000000E+00,6.262409E-02,0.000000E+00,1.018914E+03,0.000000E+00,3.597090E-02,0.000000E+00,1.767767E+03,0.000000E+00,6.240641E-02,0.000000E+00,2.617163E+03,0.000000E+00,9.238335E-02,0.000000E+00,2.620157E+03,0.000000E+00,9.248904E-02,0.000000E+00,2.626061E+03,0.000000E+00,9.269743E-02,0.000000E+00,1.864222E+03,0.000000E+00,6.580661E-02,0.000000E+00,1.866713E+03,0.000000E+00,6.589454E-02,0.000000E+00,2.624022E+03,0.000000E+00,9.262546E-02,0.000000E+00
17:45:00,2.531888E+03,0.000000E+00,8.937354E-02,0.000000E+00,1.771733E+03,0.000000E+00,6.254200E-02,0.000000E+00,2.528832E+03,0.000000E+00,8.926565E-02,0.000000E+00,2.531584E+03,0.000000E+00,8.936280E-02,0.000000E+00,1.770698E+03,0.000000E+00,6.250546E-02,0.000000E+00,2.527027E+03,0.000000E+00,8.920195E-02,0.000000E+00,1.746094E+03,0.000000E+00,6.164145E-02,0.000000E+00,9.929279E+02,0.000000E+00,3.505357E-02,0.000000E+00,1.741276E+03,0.000000E+00,6.147134E-02,0.000000E+00,1.745271E+03,0.000000E+00,6.161239E-02,0.000000E+00,9.914716E+02,0.000000E+00,3.500216E-02,0.000000E+00,1.739109E+03,0.000000E+00,6.139485E-02,0.000000E+00,2.587771E+03,0.000000E+00,9.134611E-02,0.000000E+00,2.590765E+03,0.000000E+00,9.145181E-02,0.000000E+00,2.596667E+03,0.000000E+00,9.166016E-02,0.000000E+00,1.835685E+03,0.000000E+00,6.479948E-02,0.000000E+00,1.838176E+03,0.000000E+00,6.488741E-02,0.000000E+00,2.594627E+03,0.000000E+00,9.158815E-02,0.000000E+00
18:00:00,2.500213E+03,0.000000E+00,8.825576E-02,0.000000E+00,1.740917E+03,0.000000E+00,6.145444E-02,0.000000E+00,2.497157E+03,0.000000E+00,8.814788E-02,0.000000E+00,2.499907E+03,0.000000E+00,8.824496E-02,0.000000E+00,1.739882E+03,0.000000E+00,6.141787E-02,0.000000E+00,2.495352E+03,0.000000E+00,8.808417E-02,0.000000E+00,1.716418E+03,0.000000E+00,6.059399E-02,0.000000E+00,9.644837E+02,0.000000E+00,3.404948E-02,0.000000E+00,1.711602E+03,0.000000E+00,6.042396E-02,0.000000E+00,1.715593E+03,0.000000E+00,6.056486E-02,0.000000E+00,9.630271E+02,0.000000E+00,3.399806E-02,0.000000E+00,1.709434E+03,0.000000E+00,6.034745E-02,0.000000E+00,2.557273E+03,0.000000E+00,9.026991E-02,0.000000E+00,2.560267E+03,0.000000E+00,9.037562E-02,0.000000E+00,2.566169E+03,0.000000E+00,9.058393E-02,0.000000E+00,1.806028E+03,0.000000E+00,6.375282E-02,0.000000E+00,1.808519E+03,0.000000E+00,6.384074E-02,0.000000E+00,2.564127E+03,0.000000E+00,9.051187E-02,0.000000E+00
18:15:00,2.467885E+03,0.000000E+00,8.711500E-02,0.000000E+00,1.709046E+03,0.000000E+00,6.032963E-02,0.000000E+00,2.464829E+03,0.000000E+00,8.700710E-02,0.000000E+00,2.467578E+03,0.000000E+00,8.710414E-02,0.000000E+00,1.708010E+03,0.000000E+00,6.029304E-02,0.000000E+00,2.463023E+03,0.000000E+00,8.694336E-02,0.000000E+00,1.685244E+03,0.000000E+00,5.949370E-02,0.000000E+00,9.341534E+02,0.000000E+00,3.297880E-02,0.000000E+00,1.680429E+03,0.000000E+00,5.932371E-02,0.000000E+00,1.684417E+03,0.000000E+00,5.946450E-02,0.000000E+00,9.326963E+02,0.000000E+00,3.292736E-02,0.000000E+00,1.678261E+03,0.000000E+00,5.924718E-02,0.000000E+00,2.524799E+03,0.000000E+00,8.912398E-02,0.000000E+00,2.527794E+03,0.000000E+00,8.922971E-02,0.000000E+00,2.533695E+03,0.000000E+00,8.943802E-02,0.000000E+00,1.774073E+03,0.000000E+00,6.262506E-02,0.000000E+00,1.776564E+03,0.000000E+00,6.271299E-02,0.000000E+00,2.531652E+03,0.000000E+00,8.936592E-02,0.000000E+00
18:30:00,2.437031E+03,0.000000E+00,8.602625E-02,0.000000E+00,1.678481E+03,0.000000E+00,5.925092E-02,0.000000E+00,2.433974E+03,0.000000E+00,8.591834E-02,0.000000E+00,2.436722E+03,0.000000E+00,8.601534E-02,0.000000E+00,1.677443E+03,0.000000E+00,5.921430E-02,0.000000E+00,2.432168E+03,0.000000E+00,8.585458E-02,0.000000E+00,1.655118E+03,0.000000E+00,5.843037E-02,0.000000E+00,9.047177E+02,0.000000E+00,3.193971E-02,0.000000E+00,1.650304E+03,0.000000E+00,5.826042E-02,0.000000E+00,1.654289E+03,0.000000E+00,5.840112E-02,0.000000E+00,9.032602E+02,0.000000E+00,3.188826E-02,0.000000E+00,1.648135E+03,0.000000E+00,5.818387E-02,0.000000E+00,2.493504E+03,0.000000E+00,8.801974E-02,0.000000E+00,2.496500E+03,0.000000E+00,8.812549E-02,0.000000E+00,2.502402E+03,0.000000E+00,8.833381E-02,0.000000E+00,1.743155E+03,0.000000E+00,6.153392E-02,0.000000E+00,1.745646E+03,0.000000E+00,6.162185E-02,0.000000E+00,2.500358E+03,0.000000E+00,8.826167E-02,0.000000E+00
18:45:00,2.406778E+03,0.000000E+00,8.495870E-02,0.000000E+00,1.648446E+03,0.000000E+00,5.819095E-02,0.000000E+00,2.403720E+03,0.000000E+00,8.485078E-02,0.000000E+00,2.406468E+03,0.000000E+00,8.494776E-02,0.000000E+00,1.647408E+03,0.000000E+00,5.815431E-02,0.000000E+00,2.401914E+03,0.000000E+00,8.478701E-02,0.000000E+00,1.625413E+03,0.000000E+00,5.738195E-02,0.000000E+00,8.756326E+02,0.000000E+00,3.091300E-02,0.000000E+00,1.620600E+03,0.000000E+00,5.721204E-02,0.000000E+00,1.624583E+03,0.000000E+00,5.735265E-02,0.000000E+00,8.741750E+02,0.000000E+00,3.086154E-02,0.000000E+00,1.618431E+03,0.000000E+00,5.713547E-02,0.000000E+00,2.462949E+03,0.000000E+00,8.694155E-02,0.000000E+00,2.465946E+03,0.000000E+00,8.704733E-02,0.000000E+00,2.471848E+03,0.000000E+00,8.725566E-02,0.000000E+00,1.712876E+03,0.000000E+00,6.046532E-02,0.000000E+00,1.715367E+03,0.000000E+00,6.055327E-02,0.000000E+00,2.469803E+03,0.000000E+00,8.718348E-02,0.000000E+00
19:00:00,2.376848E+03,0.000000E+00,8.390254E-02,0.000000E+00,1.618692E+03,0.000000E+00,5.714084E-02,0.000000E+00,2.373790E+03,0.000000E+00,8.379460E-02,0.000000E+00,2.376537E+03,0.000000E+00,8.389156E-02,0.000000E+00,1.617653E+03,0.000000E+00,5.710417E-02,0.000000E+00,2.371983E+03,0.000000E+00,8.373081E-02,0.000000E+00,1.595924E+03,0.000000E+00,5.634112E-02,0.000000E+00,8.467157E+02,0.000000E+00,2.989222E-02,0.000000E+00,1.591112E+03,0.000000E+00,5.617122E-02,0.000000E+00,1.595093E+03,0.000000E+00,5.631177E-02,0.000000E+00,8.452579E+02,0.000000E+00,2.984075E-02,0.000000E+00,1.588943E+03,0.000000E+00,5.609464E-02,0.000000E+00,2.432880E+03,0.000000E+00,8.588044E-02,0.000000E+00,2.435877E+03,0.000000E+00,8.598625E-02,0.000000E+00,2.441780E+03,0.000000E+00,8.619461E-02,0.000000E+00,1.683013E+03,0.000000E+00,5.941138E-02,0.000000E+00,1.685504E+03,0.000000E+00,5.949933E-02,0.000000E+00,2.439734E+03,0.000000E+00,8.612239E-02,0.000000E+00
19:15:00,2.365020E+03,0.000000E+00,8.348529E-02,0.000000E+00,1.606758E+03,0.000000E+00,5.671977E-02,0.000000E+00,2.361961E+03,0.000000E+00,8.337732E-02,0.000000E+00,2.364708E+03,0.000000E+00,8.347429E-02,0.000000E+00,1.605719E+03,0.000000E+00,5.668309E-02,0.000000E+00,2.360154E+03,0.000000E+00,8.331352E-02,0.000000E+00,1.583784E+03,0.000000E+00,5.591270E-02,0.000000E+00,8.348292E+02,0.000000E+00,2.947266E-02,0.000000E+00,1.578971E+03,0.000000E+00,5.574281E-02,0.000000E+00,1.582951E+03,0.000000E+00,5.588332E-02,0.000000E+00,8.333713E+02,0.000000E+00,2.942119E-02,0.000000E+00,1.576802E+03,0.000000E+00,5.566621E-02,0.000000E+00,2.419970E+03,0.000000E+00,8.542504E-02,0.000000E+00,2.422968E+03,0.000000E+00,8.553086E-02,0.000000E+00,2.428871E+03,0.000000E+00,8.573926E-02,0.000000E+00,1.670074E+03,0.000000E+00,5.895484E-02,0.000000E+00,1.672566E+03,0.000000E+00,5.904280E-02,0.000000E+00,2.426825E+03,0.000000E+00,8.566701E-02,0.000000E+00
19:30:00,2.355398E+03,0.000000E+00,8.314583E-02,0.000000E+00,1.596850E+03,0.000000E+00,5.637014E-02,0.000000E+00,2.352339E+03,0.000000E+00,8.303783E-02,0.000000E+00,2.355086E+03,0.000000E+00,8.313482E-02,0.000000E+00,1.595811E+03,0.000000E+00,5.633345E-02,0.000000E+00,2.350531E+03,0.000000E+00,8.297402E-02,0.000000E+00,1.573470E+03,0.000000E+00,5.554876E-02,0.000000E+00,8.245511E+02,0.000000E+00,2.910987E-02,0.000000E+00,1.568658E+03,0.000000E+00,5.537886E-02,0.000000E+00,1.572637E+03,0.000000E+00,5.551936E-02,0.000000E+00,8.230932E+02,0.000000E+00,2.905840E-02,0.000000E+00,1.566488E+03,0.000000E+00,5.530226E-02,0.000000E+00,2.409156E+03,0.000000E+00,8.504350E-02,0.000000E+00,2.412154E+03,0.000000E+00,8.514934E-02,0.000000E+00,2.418059E+03,0.000000E+00,8.535778E-02,0.000000E+00,1.659052E+03,0.000000E+00,5.856591E-02,0.000000E+00,1.661544E+03,0.000000E+00,5.865388E-02,0.000000E+00,2.416012E+03,0.000000E+00,8.528552E-02,0.000000E+00
19:45:00,2.346885E+03,0.000000E+00,8.284545E-02,0.000000E+00,1.587978E+03,0.000000E+00,5.605703E-02,0.000000E+00,2.343824E+03,0.000000E+00,8.273741E-02,0.000000E+00,2.346573E+03,0.000000E+00,8.283442E-02,0.000000E+00,1.586938E+03,0.000000E+00,5.602032E-02,0.000000E+00,2.342016E+03,0.000000E+00,8.267358E-02,0.000000E+00,1.564176E+03,0.000000E+00,5.522078E-02,0.000000E+00,8.151895E+02,0.000000E+00,2.877943E-02,0.000000E+00,1.559363E+03,0.000000E+00,5.505085E-02,0.000000E+00,1.563343E+03,0.000000E+00,5.519135E-02,0.000000E+00,8.137314E+02,0.000000E+00,2.872795E-02,0.000000E+00,1.557193E+03,0.000000E+00,5.497423E-02,0.000000E+00,2.399739E+03,0.000000E+00,8.471120E-02,0.000000E+00,2.402738E+03,0.000000E+00,8.481707E-02,0.000000E+00,2.408645E+03,0.000000E+00,8.502558E-02,0.000000E+00,1.649325E+03,0.000000E+00,5.822262E-02,0.000000E+00,1.651817E+03,0.000000E+00,5.831061E-02,0.000000E+00,2.406597E+03,0.000000E+00,8.495329E-02,0.000000E+00
20:00:00,2.339274E+03,0.000000E+00,8.257683E-02,0.000000E+00,1.579982E+03,0.000000E+00,5.577481E-02,0.000000E+00,2.336212E+03,0.000000E+00,8.246874E-02,0.000000E+00,2.338961E+03,0.000000E+00,8.256578E-02,0.000000E+00,1.578941E+03,0.000000E+00,5.573808E-02,0.000000E+00,2.334403E+03,0.000000E+00,8.240489E-02,0.000000E+00,1.555729E+03,0.000000E+00,5.492263E-02,0.000000E+00,8.066104E+02,0.000000E+00,2.847660E-02,0.000000E+00,1.550914E+03,0.000000E+00,5.475267E-02,0.000000E+00,1.554894E+03,0.000000E+00,5.489318E-02,0.000000E+00,8.051519E+02,0.000000E+00,2.842511E-02,0.000000E+00,1.548743E+03,0.000000E+00,5.467602E-02,0.000000E+00,2.391439E+03,0.000000E+00,8.441826E-02,0.000000E+00,2.394439E+03,0.000000E+00,8.452417E-02,0.000000E+00,2.400348E+03,0.000000E+00,8.473275E-02,0.000000E+00,1.640660E+03,0.000000E+00,5.791680E-02,0.000000E+00,1.643153E+03,0.000000E+00,5.800482E-02,0.000000E+00,2.398299E+03,0.000000E+00,8.466043E-02,0.000000E+00
20:15:00,2.333842E+03,0.000000E+00,8.238507E-02,0.000000E+00,1.574120E+03,0.000000E+00,5.556789E-02,0.000000E+00,2.330779E+03,0.000000E+00,8.227693E-02,0.000000E+00,2.333529E+03,0.000000E+00,8.237402E-02,0.000000E+00,1.573079E+03,0.000000E+00,5.553115E-02,0.000000E+00,2.328969E+03,0.000000E+00,8.221306E-02,0.000000E+00,1.549350E+03,0.000000E+00,5.469748E-02,0.000000E+00,8.000124E+02,0.000000E+00,2.824370E-02,0.000000E+00,1.544534E+03,0.000000E+00,5.452747E-02,0.000000E+00,1.548515E+03,0.000000E+00,5.466801E-02,0.000000E+00,7.985534E+02,0.000000E+00,2.819219E-02,0.000000E+00,1.542362E+03,0.000000E+00,5.445080E-02,0.000000E+00,2.385342E+03,0.000000E+00,8.420301E-02,0.000000E+00,2.388343E+03,0.000000E+00,8.430895E-02,0.000000E+00,2.394254E+03,0.000000E+00,8.451762E-02,0.000000E+00,1.634142E+03,0.000000E+00,5.768672E-02,0.000000E+00,1.636636E+03,0.000000E+00,5.777477E-02,0.000000E+00,2.392205E+03,0.000000E+00,8.444527E-02,0.000000E+00
20:30:00,2.329355E+03,0.000000E+00,8.222661E-02,0.000000E+00,1.569180E+03,0.000000E+00,5.539351E-02,0.000000E+00,2.326290E+03,0.000000E+00,8.211840E-02,0.000000E+00,2.329042E+03,0.000000E+00,8.221554E-02,0.000000E+00,1.568139E+03,0.000000E+00,5.535675E-02,0.000000E+00,2.324480E+03,0.000000E+00,8.205452E-02,0.000000E+00,1.543868E+03,0.000000E+00,5.450398E-02,0.000000E+00,7.942497E+02,0.000000E+00,2.804027E-02,0.000000E+00,1.539051E+03,0.000000E+00,5.433390E-02,0.000000E+00,1.543033E+03,0.000000E+00,5.447448E-02,0.000000E+00,7.927902E+02,0.000000E+00,2.798874E-02,0.000000E+00,1.536878E+03,0.000000E+00,5.425721E-02,0.000000E+00,2.380275E+03,0.000000E+00,8.402409E-02,0.000000E+00,2.383277E+03,0.000000E+00,8.413007E-02,0.000000E+00,2.389191E+03,0.000000E+00,8.433882E-02,0.000000E+00,1.628620E+03,0.000000E+00,5.749178E-02,0.000000E+00,1.631115E+03,0.000000E+00,5.757987E-02,0.000000E+00,2.387141E+03,0.000000E+00,8.426645E-02,0.000000E+00
20:45:00,2.325583E+03,0.000000E+00,8.209335E-02,0.000000E+00,1.564957E+03,0.000000E+00,5.524439E-02,0.000000E+00,2.322516E+03,0.000000E+00,8.198509E-02,0.000000E+00,2.325269E+03,0.000000E+00,8.208227E-02,0.000000E+00,1.563915E+03,0.000000E+00,5.520761E-02,0.000000E+00,2.320706E+03,0.000000E+00,8.192118E-02,0.000000E+00,1.539110E+03,0.000000E+00,5.433600E-02,0.000000E+00,7.891758E+02,0.000000E+00,2.786116E-02,0.000000E+00,1.534291E+03,0.000000E+00,5.416586E-02,0.000000E+00,1.538274E+03,0.000000E+00,5.430648E-02,0.000000E+00,7.877157E+02,0.000000E+00,2.780961E-02,0.000000E+00,1.532118E+03,0.000000E+00,5.408913E-02,0.000000E+00,2.376038E+03,0.000000E+00,8.387443E-02,0.000000E+00,2.379041E+03,0.000000E+00,8.398044E-02,0.000000E+00,2.384958E+03,0.000000E+00,8.418929E-02,0.000000E+00,1.623916E+03,0.000000E+00,5.732569E-02,0.000000E+00,1.626413E+03,0.000000E+00,5.741381E-02,0.000000E+00,2.382907E+03,0.000000E+00,8.411688E-02,0.000000E+00
21:00:00,2.322420E+03,0.000000E+00,8.198158E-02,0.000000E+00,1.561353E+03,0.000000E+00,5.511711E-02,0.000000E+00,2.319351E+03,0.000000E+00,8.187327E-02,0.000000E+00,2.322105E+03,0.000000E+00,8.197049E-02,0.000000E+00,1.560311E+03,0.000000E+00,5.508031E-02,0.000000E+00,2.317540E+03,0.000000E+00,8.180933E-02,0.000000E+00,1.534990E+03,0.000000E+00,5.419051E-02,0.000000E+00,7.847162E+02,0.000000E+00,2.770373E-02,0.000000E+00,1.530169E+03,0.000000E+00,5.402031E-02,0.000000E+00,1.534153E+03,0.000000E+00,5.416098E-02,0.000000E+00,7.832555E+02,0.000000E+00,2.765216E-02,0.000000E+00,1.527995E+03,0.000000E+00,5.394356E-02,0.000000E+00,2.372503E+03,0.000000E+00,8.374953E-02,0.000000E+00,2.375508E+03,0.000000E+00,8.385559E-02,0.000000E+00,2.381426E+03,0.000000E+00,8.406452E-02,0.000000E+00,1.619915E+03,0.000000E+00,5.718440E-02,0.000000E+00,1.622413E+03,0.000000E+00,5.727256E-02,0.000000E+00,2.379374E+03,0.000000E+00,8.399209E-02,0.000000E+00
21:15:00,2.321045E+03,0.000000E+00,8.193295E-02,0.000000E+00,1.559299E+03,0.000000E+00,5.504455E-02,0.000000E+00,2.317975E+03,0.000000E+00,8.182458E-02,0.000000E+00,2.320731E+03,0.000000E+00,8.192187E-02,0.000000E+00,1.558256E+03,0.000000E+00,5.500774E-02,0.000000E+00,2.316163E+03,0.000000E+00,8.176062E-02,0.000000E+00,1.532132E+03,0.000000E+00,5.408958E-02,0.000000E+00,7.812183E+02,0.000000E+00,2.758024E-02,0.000000E+00,1.527308E+03,0.000000E+00,5.391930E-02,0.000000E+00,1.531295E+03,0.000000E+00,5.406005E-02,0.000000E+00,7.797570E+02,0.000000E+00,2.752865E-02,0.000000E+00,1.525133E+03,0.000000E+00,5.384252E-02,0.000000E+00,2.369964E+03,0.000000E+00,8.365980E-02,0.000000E+00,2.372969E+03,0.000000E+00,8.376588E-02,0.000000E+00,2.378891E+03,0.000000E+00,8.397490E-02,0.000000E+00,1.616738E+03,0.000000E+00,5.707219E-02,0.000000E+00,1.619236E+03,0.000000E+00,5.716039E-02,0.000000E+00,2.376838E+03,0.000000E+00,8.390246E-02,0.000000E+00
21:30:00,2.321808E+03,0.000000E+00,8.195979E-02,0.000000E+00,1.559257E+03,0.000000E+00,5.504303E-02,0.000000E+00,2.318737E+03,0.000000E+00,8.185136E-02,0.000000E+00,2.321495E+03,0.000000E+00,8.194873E-02,0.000000E+00,1.558214E+03,0.000000E+00,5.500621E-02,0.000000E+00,2.316925E+03,0.000000E+00,8.178740E-02,0.000000E+00,1.531218E+03,0.000000E+00,5.405729E-02,0.000000E+00,7.794869E+02,0.000000E+00,2.751912E-02,0.000000E+00,1.526392E+03,0.000000E+00,5.388691E-02,0.000000E+00,1.530382E+03,0.000000E+00,5.402777E-02,0.000000E+00,7.780251E+02,0.000000E+00,2.746751E-02,0.000000E+00,1.524216E+03,0.000000E+00,5.381012E-02,0.000000E+00,2.369456E+03,0.000000E+00,8.364176E-02,0.000000E+00,2.372462E+03,0.000000E+00,8.374787E-02,0.000000E+00,2.378386E+03,0.000000E+00,8.395698E-02,0.000000E+00,1.615474E+03,0.000000E+00,5.702752E-02,0.000000E+00,1.617973E+03,0.000000E+00,5.711575E-02,0.000000E+00,2.376334E+03,0.000000E+00,8.388454E-02,0.000000E+00
21:45:00,2.323869E+03,0.000000E+00,8.203245E-02,0.000000E+00,1.560491E+03,0.000000E+00,5.508654E-02,0.000000E+00,2.320796E+03,0.000000E+00,8.192396E-02,0.000000E+00,2.323556E+03,0.000000E+00,8.202140E-02,0.000000E+00,1.559448E+03,0.000000E+00,5.504970E-02,0.000000E+00,2.318983E+03,0.000000E+00,8.185998E-02,0.000000E+00,1.531605E+03,0.000000E+00,5.407092E-02,0.000000E+00,7.789871E+02,0.000000E+00,2.750147E-02,0.000000E+00,1.526776E+03,0.000000E+00,5.390045E-02,0.000000E+00,1.530769E+03,0.000000E+00,5.404141E-02,0.000000E+00,7.775247E+02,0.000000E+00,2.744984E-02,0.000000E+00,1.524600E+03,0.000000E+00,5.382363E-02,0.000000E+00,2.370441E+03,0.000000E+00,8.367643E-02,0.000000E+00,2.373448E+03,0.000000E+00,8.378258E-02,0.000000E+00,2.379375E+03,0.000000E+00,8.399179E-02,0.000000E+00,1.615661E+03,0.000000E+00,5.703404E-02,0.000000E+00,1.618161E+03,0.000000E+00,5.712232E-02,0.000000E+00,2.377322E+03,0.000000E+00,8.391934E-02,0.000000E+00
22:00:00,2.327017E+03,0.000000E+00,8.214349E-02,0.000000E+00,1.562819E+03,0.000000E+00,5.516865E-02,0.000000E+00,2.323942E+03,0.000000E+00,8.203494E-02,0.000000E+00,2.326705E+03,0.000000E+00,8.213246E-02,0.000000E+00,1.561775E+03,0.000000E+00,5.513181E-02,0.000000E+00,2.322129E+03,0.000000E+00,8.197094E-02,0.000000E+00,1.533106E+03,0.000000E+00,5.412388E-02,0.000000E+00,7.795629E+02,0.000000E+00,2.752180E-02,0.000000E+00,1.528274E+03,0.000000E+00,5.395330E-02,0.000000E+00,1.532270E+03,0.000000E+00,5.409438E-02,0.000000E+00,7.780997E+02,0.000000E+00,2.747014E-02,0.000000E+00,1.526097E+03,0.000000E+00,5.387645E-02,0.000000E+00,2.372670E+03,0.000000E+00,8.375505E-02,0.000000E+00,2.375678E+03,0.000000E+00,8.386123E-02,0.000000E+00,2.381608E+03,0.000000E+00,8.407055E-02,0.000000E+00,1.617081E+03,0.000000E+00,5.708413E-02,0.000000E+00,1.619583E+03,0.000000E+00,5.717245E-02,0.000000E+00,2.379555E+03,0.000000E+00,8.399808E-02,0.000000E+00
22:15:00,2.339358E+03,0.000000E+00,8.257905E-02,0.000000E+00,1.574077E+03,0.000000E+00,5.556602E-02,0.000000E+00,2.336281E+03,0.000000E+00,8.247044E-02,0.000000E+00,2.339046E+03,0.000000E+00,8.256806E-02,0.000000E+00,1.573033E+03,0.000000E+00,5.552918E-02,0.000000E+00,2.334467E+03,0.000000E+00,8.240643E-02,0.000000E+00,1.543142E+03,0.000000E+00,5.447816E-02,0.000000E+00,7.883277E+02,0.000000E+00,2.783124E-02,0.000000E+00,1.538306E+03,0.000000E+00,5.430745E-02,0.000000E+00,1.542307E+03,0.000000E+00,5.444869E-02,0.000000E+00,7.868639E+02,0.000000E+00,2.777956E-02,0.000000E+00,1.536129E+03,0.000000E+00,5.423059E-02,0.000000E+00,2.383152E+03,0.000000E+00,8.412501E-02,0.000000E+00,2.386161E+03,0.000000E+00,8.423121E-02,0.000000E+00,2.392094E+03,0.000000E+00,8.444063E-02,0.000000E+00,1.626553E+03,0.000000E+00,5.741847E-02,0.000000E+00,1.629056E+03,0.000000E+00,5.750683E-02,0.000000E+00,2.390041E+03,0.000000E+00,8.436817E-02,0.000000E+00
22:30:00,2.354527E+03,0.000000E+00,8.311444E-02,0.000000E+00,1.588016E+03,0.000000E+00,5.605803E-02,0.000000E+00,2.351448E+03,0.000000E+00,8.300577E-02,0.000000E+00,2.354217E+03,0.000000E+00,8.310350E-02,0.000000E+00,1.586973E+03,0.000000E+00,5.602119E-02,0.000000E+00,2.349635E+03,0.000000E+00,8.294175E-02,0.000000E+00,1.555742E+03,0.000000E+00,5.492298E-02,0.000000E+00,7.994428E+02,0.000000E+00,2.822365E-02,0.000000E+00,1.550903E+03,0.000000E+00,5.475214E-02,0.000000E+00,1.554909E+03,0.000000E+00,5.489356E-02,0.000000E+00,7.979786E+02,0.000000E+00,2.817196E-02,0.000000E+00,1.548726E+03,0.000000E+00,5.467526E-02,0.000000E+00,2.396385E+03,0.000000E+00,8.459204E-02,0.000000E+00,2.399394E+03,0.000000E+00,8.469826E-02,0.000000E+00,2.405330E+03,0.000000E+00,8.490778E-02,0.000000E+00,1.638636E+03,0.000000E+00,5.784493E-02,0.000000E+00,1.641140E+03,0.000000E+00,5.793332E-02,0.000000E+00,2.403278E+03,0.000000E+00,8.483535E-02,0.000000E+00
22:45:00,2.371435E+03,0.000000E+00,8.371122E-02,0.000000E+00,1.603677E+03,0.000000E+00,5.661078E-02,0.000000E+00,2.368355E+03,0.000000E+00,8.360248E-02,0.000000E+00,2.371127E+03,0.000000E+00,8.370033E-02,0.000000E+00,1.602633E+03,0.000000E+00,5.657394E-02,0.000000E+00,2.366541E+03,0.000000E+00,8.353846E-02,0.000000E+00,1.570095E+03,0.000000E+00,5.542963E-02,0.000000E+00,8.122336E+02,0.000000E+00,2.867522E-02,0.000000E+00,1.565251E+03,0.000000E+00,5.525865E-02,0.000000E+00,1.569262E+03,0.000000E+00,5.540026E-02,0.000000E+00,8.107687E+02,0.000000E+00,2.862350E-02,0.000000E+00,1.563073E+03,0.000000E+00,5.518176E-02,0.000000E+00,2.411658E+03,0.000000E+00,8.513111E-02,0.000000E+00,2.414668E+03,0.000000E+00,8.523735E-02,0.000000E+00,2.420607E+03,0.000000E+00,8.544699E-02,0.000000E+00,1.652711E+03,0.000000E+00,5.834173E-02,0.000000E+00,1.655216E+03,0.000000E+00,5.843017E-02,0.000000E+00,2.418555E+03,0.000000E+00,8.537457E-02,0.000000E+00
23:00:00,2.389799E+03,0.000000E+00,8.435937E-02,0.000000E+00,1.620822E+03,0.000000E+00,5.721595E-02,0.000000E+00,2.386717E+03,0.000000E+00,8.425058E-02,0.000000E+00,2.389492E+03,0.000000E+00,8.434853E-02,0.000000E+00,1.619778E+03,0.000000E+00,5.717911E-02,0.000000E+00,2.384903E+03,0.000000E+00,8.418654E-02,0.000000E+00,1.585955E+03,0.000000E+00,5.598954E-02,0.000000E+00,8.265046E+02,0.000000E+00,2.917904E-02,0.000000E+00,1.581108E+03,0.000000E+00,5.581841E-02,0.000000E+00,1.585125E+03,0.000000E+00,5.596021E-02,0.000000E+00,8.250389E+02,0.000000E+00,2.912730E-02,0.000000E+00,1.578929E+03,0.000000E+00,5.574150E-02,0.000000E+00,2.428622E+03,0.000000E+00,8.572983E-02,0.000000E+00,2.431633E+03,0.000000E+00,8.583610E-02,0.000000E+00,2.437575E+03,0.000000E+00,8.604585E-02,0.000000E+00,1.668479E+03,0.000000E+00,5.889827E-02,0.000000E+00,1.670985E+03,0.000000E+00,5.898675E-02,0.000000E+00,2.435523E+03,0.000000E+00,8.597345E-02,0.000000E+00
23:15:00,2.407470E+03,0.000000E+00,8.498302E-02,0.000000E+00,1.637448E+03,0.000000E+00,5.780280E-02,0.000000E+00,2.404386E+03,0.000000E+00,8.487417E-02,0.000000E+00,2.407164E+03,0.000000E+00,8.497223E-02,0.000000E+00,1.636405E+03,0.000000E+00,5.776596E-02,0.000000E+00,2.402572E+03,0.000000E+00,8.481013E-02,0.000000E+00,1.601442E+03,0.000000E+00,5.653624E-02,0.000000E+00,8.405429E+02,0.000000E+00,2.967465E-02,0.000000E+00,1.596591E+03,0.000000E+00,5.636497E-02,0.000000E+00,1.600613E+03,0.000000E+00,5.650695E-02,0.000000E+00,8.390765E+02,0.000000E+00,2.962288E-02,0.000000E+00,1.594412E+03,0.000000E+00,5.628804E-02,0.000000E+00,2.445401E+03,0.000000E+00,8.632204E-02,0.000000E+00,2.448413E+03,0.000000E+00,8.642833E-02,0.000000E+00,2.454358E+03,0.000000E+00,8.663818E-02,0.000000E+00,1.684179E+03,0.000000E+00,5.945243E-02,0.000000E+00,1.686687E+03,0.000000E+00,5.954096E-02,0.000000E+00,2.452307E+03,0.000000E+00,8.656579E-02,0.000000E+00
23:30:00,2.425619E+03,0.000000E+00,8.562358E-02,0.000000E+00,1.654683E+03,0.000000E+00,5.841112E-02,0.000000E+00,2.422534E+03,0.000000E+00,8.551468E-02,0.000000E+00,2.425314E+03,0.000000E+00,8.561283E-02,0.000000E+00,1.653640E+03,0.000000E+00,5.837429E-02,0.000000E+00,2.420719E+03,0.000000E+00,8.545063E-02,0.000000E+00,1.617610E+03,0.000000E+00,5.710696E-02,0.000000E+00,8.553642E+02,0.000000E+00,3.019789E-02,0.000000E+00,1.612755E+03,0.000000E+00,5.693556E-02,0.000000E+00,1.616782E+03,0.000000E+00,5.707772E-02,0.000000E+00,8.538971E+02,0.000000E+00,3.014610E-02,0.000000E+00,1.610576E+03,0.000000E+00,5.685862E-02,0.000000E+00,2.462835E+03,0.000000E+00,8.693734E-02,0.000000E+00,2.465847E+03,0.000000E+00,8.704365E-02,0.000000E+00,2.471794E+03,0.000000E+00,8.725359E-02,0.000000E+00,1.700647E+03,0.000000E+00,6.003367E-02,0.000000E+00,1.703156E+03,0.000000E+00,6.012224E-02,0.000000E+00,2.469744E+03,0.000000E+00,8.718121E-02,0.000000E+00
23:45:00,2.444338E+03,0.000000E+00,8.628425E-02,0.000000E+00,1.672567E+03,0.000000E+00,5.904235E-02,0.000000E+00,2.441252E+03,0.000000E+00,8.617532E-02,0.000000E+00,2.444034E+03,0.000000E+00,8.627355E-02,0.000000E+00,1.671524E+03,0.000000E+00,5.900553E-02,0.000000E+00,2.439437E+03,0.000000E+00,8.611127E-02,0.000000E+00,1.634504E+03,0.000000E+00,5.770331E-02,0.000000E+00,8.709714E+02,0.000000E+00,3.074888E-02,0.000000E+00,1.629646E+03,0.000000E+00,5.753180E-02,0.000000E+00,1.633677E+03,0.000000E+00,5.767412E-02,0.000000E+00,8.695038E+02,0.000000E+00,3.069707E-02,0.000000E+00,1.627466E+03,0.000000E+00,5.745485E-02,0.000000E+00,2.480905E+03,0.000000E+00,8.757509E-02,0.000000E+00,2.483917E+03,0.000000E+00,8.768141E-02,0.000000E+00,2.489866E+03,0.000000E+00,8.789142E-02,0.000000E+00,1.717837E+03,0.000000E+00,6.064040E-02,0.000000E+00,1.720347E+03,0.000000E+00,6.072900E-02,0.000000E+00,2.487817E+03,0.000000E+00,8.781907E-02,0.000000E+00
24:00:00,2.463603E+03,0.000000E+00,8.696419E-02,0.000000E+00,1.691063E+03,0.000000E+00,5.969517E-02,0.000000E+00,2.460516E+03,0.000000E+00,8.685523E-02,0.000000E+00,2.463301E+03,0.000000E+00,8.695354E-02,0.000000E+00,1.690020E+03,0.000000E+00,5.965836E-02,0.000000E+00,2.458701E+03,0.000000E+00,8.679119E-02,0.000000E+00,1.652088E+03,0.000000E+00,5.832404E-02,0.000000E+00,8.873222E+02,0.000000E+00,3.132612E-02,0.000000E+00,1.647227E+03,0.000000E+00,5.815243E-02,0.000000E+00,1.651263E+03,0.000000E+00,5.829490E-02,0.000000E+00,8.858544E+02,0.000000E+00,3.127429E-02,0.000000E+00,1.645047E+03,0.000000E+00,5.807547E-02,0.000000E+00,2.499560E+03,0.000000E+00,8.823351E-02,0.000000E+00,2.502572E+03,0.000000E+00,8.833983E-02,0.000000E+00,2.508523E+03,0.000000E+00,8.854989E-02,0.000000E+00,1.735687E+03,0.000000E+00,6.127046E-02,0.000000E+00,1.738198E+03,0.000000E+00,6.135908E-02,0.000000E+00,2.506475E+03,0.000000E+00,8.847758E-02,0.000000E+00
Peak,2.698645E+03,0.000000E+00,9.525875E-02,0.000000E+00,1.931971E+03,0.000000E+00,6.819759E-02,0.000000E+00,2.695584E+03,0.000000E+00,9.515072E-02,0.000000E+00,2.698351E+03,0.000000E+00,9.524840E-02,0.000000E+00,1.930941E+03,0.000000E+00,6.816121E-02,0.000000E+00,2.693781E+03,0.000000E+00,9.508707E-02,0.000000E+00,1.897773E+03,0.000000E+00,6.699553E-02,0.000000E+00,1.136581E+03,0.000000E+00,4.012478E-02,0.000000E+00,1.892939E+03,0.000000E+00,6.682491E-02,0.000000E+00,1.896962E+03,0.000000E+00,6.696690E-02,0.000000E+00,1.135128E+03,0.000000E+00,4.007347E-02,0.000000E+00,1.890775E+03,0.000000E+00,6.674849E-02,0.000000E+00,2.741333E+03,0.000000E+00,9.676560E-02,0.000000E+00,2.744326E+03,0.000000E+00,9.687125E-02,0.000000E+00,2.750237E+03,0.000000E+00,9.707991E-02,0.000000E+00,1.983286E+03,0.000000E+00,7.000899E-02,0.000000E+00,1.985778E+03,0.000000E+00,7.009695E-02,0.000000E+00,2.748204E+03,0.000000E+00,9.700815E-02,0.000000E+00

Peak Vol Flow (m3/s),,,7.943675E-02,0.000000E+00,,,5.687031E-02,0.000000E+00,,,7.934666E-02,0.000000E+00,,,7.942812E-02,0.000000E+00,,,5.683997E-02,0.000000E+00,,,7.929358E-02,0.000000E+00,,,5.586790E-02,0.000000E+00,,,3.346026E-02,0.000000E+00,,,5.572562E-02,0.000000E+00,,,5.584404E-02,0.000000E+00,,,3.341747E-02,0.000000E+00,,,5.566190E-02,0.000000E+00,,,8.069332E-02,0.000000E+00,,,8.078142E-02,0.000000E+00,,,8.095542E-02,0.000000E+00,,,5.838084E-02,0.000000E+00,,,5.845419E-02,0.000000E+00,,,8.089558E-02,0.000000E+00
